condition,task,band,model,n_samples,n_positive,n_negative,n_splits,n_features,accuracy_mean,accuracy_sd,auc_mean,auc_sd,sensitivity_mean,sensitivity_sd,specificity_mean,specificity_sd
gu1,language_C_vs_S,delta,SVM_linear,52,30,22,5,105,0.5381818181818182,0.09313635254447779,0.55,0.18325756009871277,0.6333333333333334,0.16329931618554522,0.41,0.1562049935181331
gu1,language_C_vs_S,delta,RandomForest,52,30,22,5,105,0.5036363636363637,0.15530295639318273,0.45,0.2679655865135588,0.6666666666666666,0.18257418583505536,0.29,0.19078784028338913
gu1,language_C_vs_S,delta,ElasticNet,52,30,22,5,105,0.5181818181818181,0.12570462558140802,0.5766666666666665,0.11333333333333331,0.6333333333333333,0.12472191289246473,0.36,0.15937377450509227
gu1,language_C_vs_S,theta,SVM_linear,52,30,22,5,105,0.36,0.15240225156142456,0.37999999999999995,0.24729649321321875,0.5333333333333333,0.22110831935702668,0.13,0.1661324772583615
gu1,language_C_vs_S,theta,RandomForest,52,30,22,5,105,0.44363636363636366,0.08339887229948882,0.4933333333333333,0.10844865656664959,0.5333333333333334,0.2666666666666667,0.32999999999999996,0.24617067250182342
gu1,language_C_vs_S,theta,ElasticNet,52,30,22,5,105,0.5763636363636364,0.047966930757356065,0.5433333333333333,0.1255432639017766,0.7,0.12472191289246473,0.4,0.1378404875209022
gu1,language_C_vs_S,alpha,SVM_linear,52,30,22,5,105,0.7490909090909091,0.10262666030305519,0.7100000000000001,0.15233369803019803,0.8,0.12472191289246475,0.67,0.14
gu1,language_C_vs_S,alpha,RandomForest,52,30,22,5,105,0.46181818181818174,0.13178996563214632,0.35333333333333333,0.19051100872244742,0.6333333333333334,0.16329931618554522,0.22999999999999998,0.20396078054371142
gu1,language_C_vs_S,alpha,ElasticNet,52,30,22,5,105,0.6545454545454545,0.07452327829788802,0.6783333333333332,0.11360262125301311,0.7333333333333334,0.08164965809277264,0.54,0.16552945357246848
gu1,language_C_vs_S,beta,SVM_linear,52,30,22,5,105,0.5,0.15703871186683044,0.5416666666666666,0.13447428502629538,0.5333333333333334,0.19436506316151,0.45,0.2144761058952722
gu1,language_C_vs_S,beta,RandomForest,52,30,22,5,105,0.5036363636363635,0.16768723345700115,0.425,0.10461569884316813,0.7333333333333333,0.2260776661041756,0.18,0.15684387141358122
gu1,language_C_vs_S,beta,ElasticNet,52,30,22,5,105,0.64,0.1233954872796884,0.63,0.09258629608220767,0.7,0.22110831935702668,0.55,0.21447610589527216
gu1,language_C_vs_S,highbeta,SVM_linear,52,30,22,5,105,0.4818181818181818,0.0883269658290263,0.42000000000000004,0.152443067697055,0.5999999999999999,0.22607766610417562,0.3,0.19748417658131498
gu1,language_C_vs_S,highbeta,RandomForest,52,30,22,5,105,0.46181818181818174,0.11258054967572888,0.40499999999999997,0.16977108770995794,0.6666666666666667,0.10540925533894599,0.18,0.22271057451320087
gu1,language_C_vs_S,highbeta,ElasticNet,52,30,22,5,105,0.6181818181818182,0.06971014368247569,0.5866666666666667,0.15515225496982704,0.6666666666666667,0.23570226039551584,0.54,0.2083266665599966
gu1,language_C_vs_S,gamma,SVM_linear,52,30,22,5,105,0.5945454545454545,0.049991734854063705,0.62,0.07003967129816899,0.7,0.0666666666666667,0.45,0.11832159566199232
gu1,language_C_vs_S,gamma,RandomForest,52,30,22,5,105,0.5563636363636364,0.10466791246999456,0.5416666666666667,0.1122992035194868,0.6666666666666667,0.14907119849998599,0.41,0.15620499351813308
gu1,language_C_vs_S,gamma,ElasticNet,52,30,22,5,105,0.6381818181818183,0.11418413431350971,0.655,0.04988876515698589,0.7333333333333333,0.16996731711975951,0.51,0.2835489375751565
gu1,language_C_vs_S,all,SVM_linear,52,30,22,5,630,0.5563636363636364,0.17547103078465148,0.5133333333333334,0.23691301732445558,0.6666666666666667,0.14907119849998599,0.39,0.34409301068170506
gu1,language_C_vs_S,all,RandomForest,52,30,22,5,630,0.44363636363636355,0.10466791246999457,0.4041666666666667,0.1488380924957646,0.5666666666666667,0.22607766610417565,0.27999999999999997,0.16911534525287764
gu1,language_C_vs_S,all,ElasticNet,52,30,22,5,630,0.5563636363636364,0.2064577278486561,0.5466666666666666,0.29807717121577765,0.6,0.16996731711975951,0.49000000000000005,0.32465366161495857
gu1,language_C_vs_Others,delta,SVM_linear,65,30,35,5,105,0.5230769230769231,0.05756395979652218,0.4428571428571429,0.16605329308726374,0.6666666666666667,0.14907119849998599,0.4,0.10690449676496974
gu1,language_C_vs_Others,delta,RandomForest,65,30,35,5,105,0.4153846153846154,0.1043435382019272,0.40714285714285714,0.1417416768203544,0.4,0.13333333333333333,0.4285714285714285,0.12777531299998796
gu1,language_C_vs_Others,delta,ElasticNet,65,30,35,5,105,0.523076923076923,0.07536891516255932,0.5619047619047619,0.11428571428571427,0.5999999999999999,0.0816496580927726,0.45714285714285713,0.18952141659173713
gu1,language_C_vs_Others,theta,SVM_linear,65,30,35,5,105,0.5076923076923077,0.07844645405527362,0.5238095238095238,0.09642122253007897,0.5666666666666667,0.16996731711975951,0.45714285714285713,0.10690449676496976
gu1,language_C_vs_Others,theta,RandomForest,65,30,35,5,105,0.43076923076923074,0.11512791959304433,0.4333333333333334,0.10118347314702754,0.29999999999999993,0.22110831935702666,0.5428571428571429,0.13997084244475305
gu1,language_C_vs_Others,theta,ElasticNet,65,30,35,5,105,0.5538461538461539,0.08970695222838924,0.5857142857142857,0.10279539592820428,0.6,0.16996731711975951,0.5142857142857142,0.11428571428571431
gu1,language_C_vs_Others,alpha,SVM_linear,65,30,35,5,105,0.5230769230769231,0.11305337274383898,0.5571428571428572,0.16399214626402442,0.5333333333333333,0.22110831935702668,0.5142857142857142,0.14568627181693672
gu1,language_C_vs_Others,alpha,RandomForest,65,30,35,5,105,0.5999999999999999,0.14915938022819472,0.5547619047619048,0.07810104508027015,0.4666666666666666,0.12472191289246472,0.7142857142857142,0.22131333406899523
gu1,language_C_vs_Others,alpha,ElasticNet,65,30,35,5,105,0.5538461538461539,0.13234346564680963,0.6476190476190476,0.15163507931514913,0.6,0.16996731711975951,0.5142857142857142,0.14568627181693672
gu1,language_C_vs_Others,beta,SVM_linear,65,30,35,5,105,0.5846153846153846,0.1043435382019272,0.6380952380952382,0.07284313590846837,0.5666666666666667,0.08164965809277258,0.6,0.1665986255670086
gu1,language_C_vs_Others,beta,RandomForest,65,30,35,5,105,0.6153846153846153,0.04865042554105199,0.6166666666666667,0.04285714285714286,0.5999999999999999,0.0816496580927726,0.6285714285714287,0.06998542122237654
gu1,language_C_vs_Others,beta,ElasticNet,65,30,35,5,105,0.6153846153846154,0.04865042554105199,0.7,0.061352851079643486,0.7333333333333333,0.13333333333333336,0.5142857142857142,0.19378085666072195
gu1,language_C_vs_Others,highbeta,SVM_linear,65,30,35,5,105,0.5692307692307692,0.11512791959304437,0.5666666666666667,0.1120819266279983,0.6333333333333333,0.12472191289246473,0.5142857142857142,0.11428571428571431
gu1,language_C_vs_Others,highbeta,RandomForest,65,30,35,5,105,0.46153846153846156,0.09730085108210398,0.4761904761904763,0.049943278484292905,0.36666666666666664,0.19436506316151,0.5428571428571429,0.1665986255670086
gu1,language_C_vs_Others,highbeta,ElasticNet,65,30,35,5,105,0.6153846153846153,0.08426500884694861,0.6523809523809525,0.11722412976277305,0.6666666666666666,0.21081851067789195,0.5714285714285714,0.15649215928719032
gu1,language_C_vs_Others,gamma,SVM_linear,65,30,35,5,105,0.6153846153846154,0.10878565864408424,0.6476190476190476,0.09920317455237933,0.6333333333333333,0.12472191289246473,0.6,0.16659862556700858
gu1,language_C_vs_Others,gamma,RandomForest,65,30,35,5,105,0.5384615384615384,0.08426500884694864,0.6071428571428571,0.09221388919541468,0.4666666666666667,0.19436506316151003,0.6,0.16659862556700858
gu1,language_C_vs_Others,gamma,ElasticNet,65,30,35,5,105,0.6615384615384615,0.07844645405527362,0.6571428571428573,0.04416008807378904,0.7333333333333334,0.2,0.6,0.10690449676496978
gu1,language_C_vs_Others,all,SVM_linear,65,30,35,5,630,0.5076923076923077,0.07844645405527362,0.5238095238095238,0.09523809523809529,0.5,0.0,0.5142857142857142,0.1456862718169367
gu1,language_C_vs_Others,all,RandomForest,65,30,35,5,630,0.476923076923077,0.07536891516255934,0.48571428571428565,0.09971615043510441,0.4333333333333333,0.13333333333333333,0.5142857142857142,0.17142857142857146
gu1,language_C_vs_Others,all,ElasticNet,65,30,35,5,630,0.5692307692307692,0.12498520622516864,0.5714285714285714,0.10962728031639368,0.5999999999999999,0.13333333333333333,0.5428571428571428,0.2457807219155036
gu1,age_8-12_vs_5-7,delta,SVM_linear,53,33,20,5,105,0.4745454545454545,0.09593386151471213,0.4404761904761904,0.14541363318669018,0.5904761904761904,0.24206219099312068,0.3,0.18708286933869708
gu1,age_8-12_vs_5-7,delta,RandomForest,53,33,20,5,105,0.5254545454545454,0.13116137306815587,0.41428571428571426,0.13618339974955443,0.7857142857142858,0.2634155559226539,0.1,0.20000000000000004
gu1,age_8-12_vs_5-7,delta,ElasticNet,53,33,20,5,105,0.5127272727272727,0.09156129681464852,0.4416666666666667,0.13119026013291346,0.6238095238095238,0.24485638347014174,0.35,0.25495097567963926
gu1,age_8-12_vs_5-7,theta,SVM_linear,53,33,20,5,105,0.43454545454545457,0.0941951552508263,0.5023809523809524,0.1122840583100152,0.4809523809523809,0.09085135251589958,0.35,0.2
gu1,age_8-12_vs_5-7,theta,RandomForest,53,33,20,5,105,0.6018181818181818,0.11272727272727275,0.5946428571428571,0.1761985197649144,0.6952380952380952,0.09331389496316869,0.45,0.18708286933869708
gu1,age_8-12_vs_5-7,theta,ElasticNet,53,33,20,5,105,0.5290909090909091,0.1375584023227472,0.4714285714285714,0.24967098531273008,0.6428571428571429,0.18687063686046274,0.35,0.2
gu1,age_8-12_vs_5-7,alpha,SVM_linear,53,33,20,5,105,0.6818181818181819,0.1183914225170888,0.680952380952381,0.15419309389230645,0.7333333333333334,0.13248026422136722,0.6,0.1224744871391589
gu1,age_8-12_vs_5-7,alpha,RandomForest,53,33,20,5,105,0.4363636363636364,0.10539183088137773,0.4,0.09884537502212892,0.5857142857142856,0.23211538298959886,0.2,0.1
gu1,age_8-12_vs_5-7,alpha,ElasticNet,53,33,20,5,105,0.6781818181818182,0.05129722174423959,0.6690476190476191,0.11360162321985516,0.7380952380952381,0.1635768003554064,0.6,0.30000000000000004
gu1,age_8-12_vs_5-7,beta,SVM_linear,53,33,20,5,105,0.4545454545454545,0.09891978551807594,0.41904761904761906,0.08825596663262211,0.5523809523809524,0.16659862556700858,0.3,0.18708286933869708
gu1,age_8-12_vs_5-7,beta,RandomForest,53,33,20,5,105,0.5236363636363637,0.13637575703708493,0.5142857142857143,0.1717176794952901,0.6904761904761905,0.11468185313135518,0.25,0.15811388300841897
gu1,age_8-12_vs_5-7,beta,ElasticNet,53,33,20,5,105,0.5690909090909091,0.08041216140907628,0.5547619047619048,0.11703053073756675,0.680952380952381,0.20625150312102586,0.4,0.2
gu1,age_8-12_vs_5-7,highbeta,SVM_linear,53,33,20,5,105,0.5272727272727272,0.061657545301138796,0.5511904761904762,0.12103109549656035,0.6333333333333333,0.15327120894696267,0.35,0.2
gu1,age_8-12_vs_5-7,highbeta,RandomForest,53,33,20,5,105,0.5672727272727272,0.08955352986199817,0.5678571428571428,0.16225452416572209,0.6714285714285715,0.09805362039035241,0.4,0.2
gu1,age_8-12_vs_5-7,highbeta,ElasticNet,53,33,20,5,105,0.5872727272727272,0.08324016830734253,0.5678571428571428,0.06018678409411683,0.6428571428571429,0.13636020060263196,0.5,0.15811388300841897
gu1,age_8-12_vs_5-7,gamma,SVM_linear,53,33,20,5,105,0.5654545454545453,0.10129736928861177,0.4523809523809523,0.18488827293635404,0.7,0.19378085666072195,0.35,0.1224744871391589
gu1,age_8-12_vs_5-7,gamma,RandomForest,53,33,20,5,105,0.5636363636363636,0.0883269658290263,0.419047619047619,0.16438057992563884,0.7571428571428571,0.11703053073756675,0.25,0.15811388300841897
gu1,age_8-12_vs_5-7,gamma,ElasticNet,53,33,20,5,105,0.4745454545454545,0.1432099539455652,0.3547619047619047,0.18060744065250364,0.5571428571428572,0.16605329308726377,0.35,0.30000000000000004
gu1,age_8-12_vs_5-7,all,SVM_linear,53,33,20,5,630,0.6454545454545455,0.17094777125153687,0.6571428571428571,0.2415698844440151,0.7619047619047619,0.1974899176507402,0.45,0.33166247903554
gu1,age_8-12_vs_5-7,all,RandomForest,53,33,20,5,630,0.5272727272727272,0.1171281702429557,0.4928571428571429,0.18877213945633145,0.7,0.1995459699024473,0.25,0.15811388300841897
gu1,age_8-12_vs_5-7,all,ElasticNet,53,33,20,5,630,0.5709090909090909,0.15948263461518827,0.5261904761904762,0.1898277653528751,0.6523809523809525,0.26151486129039964,0.45,0.18708286933869708
gu2,language_C_vs_S,delta,SVM_linear,52,30,22,5,105,0.7345454545454545,0.11718460395870561,0.6866666666666666,0.08669871202426634,0.7999999999999999,0.16329931618554522,0.64,0.15937377450509227
gu2,language_C_vs_S,delta,RandomForest,52,30,22,5,105,0.5800000000000001,0.08016511885472219,0.5408333333333333,0.1993461534338922,0.7,0.19436506316151003,0.41,0.2727636339397171
gu2,language_C_vs_S,delta,ElasticNet,52,30,22,5,105,0.6563636363636365,0.10146041038766332,0.6849999999999999,0.12115187896924164,0.7666666666666667,0.08164965809277264,0.5,0.18973665961010278
gu2,language_C_vs_S,theta,SVM_linear,52,30,22,5,105,0.5218181818181818,0.12512473115698364,0.45666666666666667,0.19115148152417988,0.7,0.22110831935702668,0.26,0.14628738838327796
gu2,language_C_vs_S,theta,RandomForest,52,30,22,5,105,0.5036363636363637,0.09010553958810083,0.4983333333333334,0.11259563836036361,0.7000000000000001,0.19436506316151006,0.22999999999999998,0.20396078054371142
gu2,language_C_vs_S,theta,ElasticNet,52,30,22,5,105,0.6363636363636364,0.059474280850167725,0.5716666666666667,0.10241527663824812,0.7333333333333334,0.13333333333333336,0.5,0.24698178070456941
gu2,language_C_vs_S,alpha,SVM_linear,52,30,22,5,105,0.6345454545454545,0.0681272508916189,0.725,0.07728015412913088,0.7666666666666666,0.13333333333333336,0.45,0.11832159566199231
gu2,language_C_vs_S,alpha,RandomForest,52,30,22,5,105,0.54,0.1386594615631827,0.41916666666666663,0.21349603170915274,0.7666666666666667,0.2260776661041756,0.22999999999999998,0.20396078054371142
gu2,language_C_vs_S,alpha,ElasticNet,52,30,22,5,105,0.6709090909090909,0.08220112403968959,0.6683333333333334,0.1565602475442317,0.8333333333333334,0.0,0.44000000000000006,0.20346989949375807
gu2,language_C_vs_S,beta,SVM_linear,52,30,22,5,105,0.6018181818181818,0.14753063836436942,0.485,0.11333333333333331,0.8,0.12472191289246473,0.32999999999999996,0.18867962264113208
gu2,language_C_vs_S,beta,RandomForest,52,30,22,5,105,0.6181818181818182,0.16782517467948113,0.5325,0.1666333299993332,0.6666666666666667,0.29814239699997197,0.54,0.2083266665599966
gu2,language_C_vs_S,beta,ElasticNet,52,30,22,5,105,0.6381818181818182,0.09865207248182212,0.5599999999999999,0.12183777921664711,0.7333333333333333,0.2260776661041756,0.5,0.18973665961010278
gu2,language_C_vs_S,highbeta,SVM_linear,52,30,22,5,105,0.5236363636363637,0.1420743606951731,0.39499999999999996,0.19583156027566143,0.6666666666666667,0.23570226039551587,0.31,0.21540659228538014
gu2,language_C_vs_S,highbeta,RandomForest,52,30,22,5,105,0.44727272727272727,0.13141317090612836,0.41833333333333333,0.08856886837057618,0.6,0.24944382578492946,0.24,0.22449944320643647
gu2,language_C_vs_S,highbeta,ElasticNet,52,30,22,5,105,0.5981818181818181,0.12038505714361346,0.525,0.15802601754844744,0.7,0.16329931618554522,0.45,0.2144761058952722
gu2,language_C_vs_S,gamma,SVM_linear,52,30,22,5,105,0.54,0.10595492570424336,0.41666666666666663,0.18995613528742192,0.7,0.12472191289246473,0.32999999999999996,0.18867962264113208
gu2,language_C_vs_S,gamma,RandomForest,52,30,22,5,105,0.5981818181818181,0.05645154435003645,0.485,0.0989388138643722,0.7333333333333333,0.16996731711975951,0.42000000000000004,0.2135415650406262
gu2,language_C_vs_S,gamma,ElasticNet,52,30,22,5,105,0.6181818181818183,0.1102963700952953,0.6416666666666667,0.1015162822189404,0.7,0.19436506316151,0.51,0.2835489375751565
gu2,language_C_vs_S,all,SVM_linear,52,30,22,5,630,0.6545454545454545,0.14442819715080366,0.595,0.1530795000427338,0.7666666666666667,0.16996731711975951,0.5,0.170293863659264
gu2,language_C_vs_S,all,RandomForest,52,30,22,5,630,0.5054545454545455,0.14392376310664218,0.3916666666666667,0.14443376028862195,0.6666666666666667,0.29814239699997197,0.27999999999999997,0.2315167380558045
gu2,language_C_vs_S,all,ElasticNet,52,30,22,5,630,0.6527272727272727,0.11547959642327578,0.6183333333333334,0.21038324817131027,0.7,0.12472191289246475,0.58,0.2135415650406262
gu2,language_C_vs_Others,delta,SVM_linear,65,30,35,5,105,0.6153846153846154,0.06880209161537815,0.5761904761904761,0.09209085526577955,0.6666666666666667,0.21081851067789198,0.5714285714285714,0.23904572186687872
gu2,language_C_vs_Others,delta,RandomForest,65,30,35,5,105,0.5076923076923077,0.16569737868106166,0.480952380952381,0.14317425122259914,0.5666666666666667,0.22607766610417562,0.45714285714285713,0.13997084244475305
gu2,language_C_vs_Others,delta,ElasticNet,65,30,35,5,105,0.5076923076923077,0.03768445758127963,0.5142857142857143,0.12741988724056813,0.5666666666666667,0.16996731711975951,0.457142857142857,0.16659862556700858
gu2,language_C_vs_Others,theta,SVM_linear,65,30,35,5,105,0.5846153846153846,0.07844645405527362,0.5904761904761904,0.05512303287042966,0.5333333333333333,0.1247219128924647,0.6285714285714286,0.11428571428571432
gu2,language_C_vs_Others,theta,RandomForest,65,30,35,5,105,0.5692307692307692,0.12498520622516861,0.5928571428571429,0.09355658430661197,0.5,0.23570226039551584,0.6285714285714287,0.11428571428571431
gu2,language_C_vs_Others,theta,ElasticNet,65,30,35,5,105,0.5538461538461539,0.057563959796522186,0.6476190476190476,0.09920317455237933,0.6,0.13333333333333336,0.5142857142857142,0.19378085666072195
gu2,language_C_vs_Others,alpha,SVM_linear,65,30,35,5,105,0.6615384615384615,0.142671053776857,0.7428571428571429,0.15532863266952468,0.7,0.12472191289246472,0.6285714285714286,0.2138089935299395
gu2,language_C_vs_Others,alpha,RandomForest,65,30,35,5,105,0.5384615384615385,0.09730085108210397,0.5595238095238095,0.15133570078162575,0.4666666666666666,0.06666666666666668,0.6,0.16659862556700858
gu2,language_C_vs_Others,alpha,ElasticNet,65,30,35,5,105,0.7384615384615384,0.1341199674935592,0.7714285714285715,0.1385051387833237,0.8333333333333334,0.10540925533894599,0.6571428571428571,0.2138089935299395
gu2,language_C_vs_Others,beta,SVM_linear,65,30,35,5,105,0.5692307692307692,0.037684457581279696,0.5523809523809524,0.1014632178698215,0.6333333333333333,0.12472191289246473,0.5142857142857142,0.14568627181693672
gu2,language_C_vs_Others,beta,RandomForest,65,30,35,5,105,0.5846153846153845,0.16569737868106163,0.65,0.1874158919443279,0.5333333333333333,0.12472191289246469,0.6285714285714284,0.23211538298959886
gu2,language_C_vs_Others,beta,ElasticNet,65,30,35,5,105,0.6307692307692309,0.03076923076923075,0.5952380952380953,0.07221786137191953,0.7,0.16329931618554522,0.5714285714285714,0.15649215928719032
gu2,language_C_vs_Others,highbeta,SVM_linear,65,30,35,5,105,0.4461538461538462,0.10204999354939692,0.44761904761904764,0.08702698515474791,0.4666666666666667,0.19436506316151003,0.42857142857142855,0.09035079029052512
gu2,language_C_vs_Others,highbeta,RandomForest,65,30,35,5,105,0.4615384615384615,0.10878565864408424,0.45952380952380956,0.12453996981544779,0.4333333333333334,0.22607766610417562,0.48571428571428565,0.19378085666072192
gu2,language_C_vs_Others,highbeta,ElasticNet,65,30,35,5,105,0.5846153846153845,0.03768445758127969,0.5857142857142856,0.04416008807378905,0.6666666666666667,0.10540925533894599,0.5142857142857143,0.14568627181693672
gu2,language_C_vs_Others,gamma,SVM_linear,65,30,35,5,105,0.6153846153846153,0.08426500884694861,0.6000000000000001,0.10257456775494297,0.6666666666666666,0.10540925533894599,0.5714285714285714,0.127775312999988
gu2,language_C_vs_Others,gamma,RandomForest,65,30,35,5,105,0.5230769230769232,0.17131582654861605,0.5261904761904762,0.17855555485002547,0.4666666666666667,0.2666666666666667,0.5714285714285714,0.20203050891044214
gu2,language_C_vs_Others,gamma,ElasticNet,65,30,35,5,105,0.6153846153846154,0.09730085108210398,0.6333333333333333,0.0935565843066119,0.7666666666666667,0.16996731711975951,0.48571428571428577,0.14568627181693672
gu2,language_C_vs_Others,all,SVM_linear,65,30,35,5,630,0.6,0.07536891516255932,0.6428571428571429,0.03367175148507367,0.5666666666666667,0.13333333333333333,0.6285714285714287,0.19378085666072192
gu2,language_C_vs_Others,all,RandomForest,65,30,35,5,630,0.4153846153846154,0.12498520622516864,0.44523809523809527,0.15088551921671295,0.4,0.1699673171197595,0.42857142857142855,0.15649215928719032
gu2,language_C_vs_Others,all,ElasticNet,65,30,35,5,630,0.476923076923077,0.07536891516255934,0.5142857142857142,0.051287283877471494,0.4333333333333333,0.1699673171197595,0.5142857142857142,0.1456862718169367
gu2,age_8-12_vs_5-7,delta,SVM_linear,53,33,20,5,105,0.64,0.09733642774053945,0.65,0.09689042833036096,0.719047619047619,0.16106223357416918,0.5,0.22360679774997896
gu2,age_8-12_vs_5-7,delta,RandomForest,53,33,20,5,105,0.509090909090909,0.13298853489388904,0.48392857142857143,0.20093672360577608,0.761904761904762,0.24605734633835838,0.1,0.12247448713915891
gu2,age_8-12_vs_5-7,delta,ElasticNet,53,33,20,5,105,0.6218181818181818,0.1193093070292576,0.5321428571428571,0.12392393980641053,0.6619047619047619,0.19886298112210574,0.55,0.18708286933869706
gu2,age_8-12_vs_5-7,theta,SVM_linear,53,33,20,5,105,0.510909090909091,0.09865207248182208,0.4309523809523809,0.24101189741147128,0.6142857142857143,0.13333333333333336,0.35,0.30000000000000004
gu2,age_8-12_vs_5-7,theta,RandomForest,53,33,20,5,105,0.6927272727272726,0.17405233372762646,0.6440476190476191,0.16702342768852937,0.8095238095238095,0.18868202624913286,0.5,0.15811388300841897
gu2,age_8-12_vs_5-7,theta,ElasticNet,53,33,20,5,105,0.5327272727272727,0.1417249110538551,0.45595238095238094,0.2033450425980588,0.6476190476190476,0.23054701784590867,0.35,0.3
gu2,age_8-12_vs_5-7,alpha,SVM_linear,53,33,20,5,105,0.6799999999999999,0.07327069701676324,0.7500000000000001,0.06531365106831051,0.7666666666666667,0.14317425122259914,0.55,0.291547594742265
gu2,age_8-12_vs_5-7,alpha,RandomForest,53,33,20,5,105,0.4909090909090909,0.09199353193217101,0.3898809523809524,0.0926738116953741,0.6761904761904762,0.2281742581087798,0.2,0.2915475947422651
gu2,age_8-12_vs_5-7,alpha,ElasticNet,53,33,20,5,105,0.66,0.07398905436136657,0.7535714285714286,0.1207966751806269,0.7333333333333333,0.1918994445677132,0.55,0.291547594742265
gu2,age_8-12_vs_5-7,beta,SVM_linear,53,33,20,5,105,0.4890909090909091,0.1401769837628828,0.34285714285714286,0.1289676434661985,0.661904761904762,0.23152849106939463,0.2,0.18708286933869708
gu2,age_8-12_vs_5-7,beta,RandomForest,53,33,20,5,105,0.5636363636363636,0.10539183088137773,0.36607142857142855,0.17569105537498347,0.7857142857142857,0.07968190728895957,0.2,0.18708286933869708
gu2,age_8-12_vs_5-7,beta,ElasticNet,53,33,20,5,105,0.5327272727272727,0.11607919781463538,0.5166666666666666,0.12287882791273012,0.6190476190476191,0.21081851067789195,0.4,0.25495097567963926
gu2,age_8-12_vs_5-7,highbeta,SVM_linear,53,33,20,5,105,0.5672727272727273,0.06340216645150071,0.45595238095238094,0.12652695481510878,0.8,0.17142857142857143,0.2,0.18708286933869708
gu2,age_8-12_vs_5-7,highbeta,RandomForest,53,33,20,5,105,0.5436363636363636,0.13875479293337392,0.5041666666666667,0.18276426832884424,0.7523809523809524,0.1872343166794048,0.2,0.18708286933869708
gu2,age_8-12_vs_5-7,highbeta,ElasticNet,53,33,20,5,105,0.4745454545454545,0.07679531666161045,0.4892857142857142,0.06348710298082563,0.5904761904761904,0.22456811662003037,0.3,0.18708286933869708
gu2,age_8-12_vs_5-7,gamma,SVM_linear,53,33,20,5,105,0.6036363636363636,0.09174164226576628,0.611904761904762,0.2267974312683721,0.761904761904762,0.16700645635000175,0.35,0.2
gu2,age_8-12_vs_5-7,gamma,RandomForest,53,33,20,5,105,0.5418181818181818,0.1911773007722897,0.4113095238095238,0.21977428639732002,0.6904761904761905,0.2801036413305284,0.3,0.18708286933869708
gu2,age_8-12_vs_5-7,gamma,ElasticNet,53,33,20,5,105,0.5854545454545453,0.07240839182450864,0.43809523809523804,0.16277775842987818,0.6428571428571429,0.13636020060263196,0.5,0.27386127875258304
gu2,age_8-12_vs_5-7,all,SVM_linear,53,33,20,5,630,0.5890909090909091,0.14111714845041642,0.6273809523809525,0.22873258207852332,0.7333333333333333,0.14317425122259914,0.35,0.2
gu2,age_8-12_vs_5-7,all,RandomForest,53,33,20,5,630,0.5290909090909091,0.07549287088009707,0.42976190476190473,0.14242991672797647,0.761904761904762,0.16700645635000175,0.15,0.12247448713915891
gu2,age_8-12_vs_5-7,all,ElasticNet,53,33,20,5,630,0.6236363636363637,0.1646032043310004,0.6071428571428571,0.19058776494078708,0.7047619047619047,0.18170270503179917,0.5,0.22360679774997896
gu3,language_C_vs_S,delta,SVM_linear,52,30,22,5,105,0.7327272727272727,0.08881217994050775,0.74,0.12795398478446157,0.8,0.12472191289246473,0.64,0.09695359714832658
gu3,language_C_vs_S,delta,RandomForest,52,30,22,5,105,0.27272727272727276,0.08272227757147146,0.22833333333333328,0.08589399151150084,0.36666666666666664,0.19436506316151,0.13,0.10770329614269007
gu3,language_C_vs_S,delta,ElasticNet,52,30,22,5,105,0.5963636363636364,0.06961523534209689,0.6766666666666665,0.07982620009885363,0.7,0.12472191289246473,0.45999999999999996,0.04898979485566354
gu3,language_C_vs_S,theta,SVM_linear,52,30,22,5,105,0.5181818181818182,0.08832696582902631,0.4883333333333333,0.17713773674115235,0.7,0.2449489742783178,0.27,0.17204650534085256
gu3,language_C_vs_S,theta,RandomForest,52,30,22,5,105,0.369090909090909,0.08674080321364774,0.28833333333333333,0.1439376794156261,0.5666666666666667,0.16996731711975951,0.09,0.11135528725660043
gu3,language_C_vs_S,theta,ElasticNet,52,30,22,5,105,0.5218181818181818,0.06595766235351655,0.5733333333333334,0.08903806926128721,0.6333333333333333,0.12472191289246473,0.37,0.12489995996796796
gu3,language_C_vs_S,alpha,SVM_linear,52,30,22,5,105,0.6145454545454545,0.01781447085660494,0.5999999999999999,0.13703203194062982,0.7,0.12472191289246475,0.49000000000000005,0.20346989949375802
gu3,language_C_vs_S,alpha,RandomForest,52,30,22,5,105,0.6509090909090909,0.10579881109800841,0.5916666666666666,0.15977414614942484,0.8,0.16329931618554522,0.45,0.2144761058952722
gu3,language_C_vs_S,alpha,ElasticNet,52,30,22,5,105,0.58,0.08016511885472219,0.64,0.08553751613570891,0.7,0.19436506316151003,0.4,0.1378404875209022
gu3,language_C_vs_S,beta,SVM_linear,52,30,22,5,105,0.5054545454545455,0.20775064519397382,0.4716666666666667,0.2603736631160004,0.7333333333333334,0.2905932629027116,0.18,0.15684387141358122
gu3,language_C_vs_S,beta,RandomForest,52,30,22,5,105,0.5418181818181818,0.14277069403200424,0.4666666666666666,0.11352924243950936,0.6,0.13333333333333333,0.47000000000000003,0.1777638883463118
gu3,language_C_vs_S,beta,ElasticNet,52,30,22,5,105,0.58,0.08016511885472219,0.585,0.060184900284225955,0.6333333333333333,0.12472191289246473,0.5,0.06324555320336757
gu3,language_C_vs_S,highbeta,SVM_linear,52,30,22,5,105,0.6345454545454545,0.11243363515447498,0.5016666666666667,0.1057250101810247,0.8,0.12472191289246473,0.41,0.18275666882497066
gu3,language_C_vs_S,highbeta,RandomForest,52,30,22,5,105,0.52,0.049258971578705686,0.4016666666666667,0.09270622656782258,0.6333333333333333,0.12472191289246473,0.36,0.2745906043549196
gu3,language_C_vs_S,highbeta,ElasticNet,52,30,22,5,105,0.6163636363636364,0.09593386151471213,0.58,0.1612968278258028,0.7333333333333334,0.13333333333333336,0.44000000000000006,0.20346989949375807
gu3,language_C_vs_S,gamma,SVM_linear,52,30,22,5,105,0.5563636363636364,0.10466791246999456,0.5816666666666667,0.07644896627453143,0.7,0.0666666666666667,0.35,0.20976176963403032
gu3,language_C_vs_S,gamma,RandomForest,52,30,22,5,105,0.4836363636363636,0.14786636808252696,0.4216666666666667,0.10718623460542352,0.6333333333333333,0.19436506316151003,0.27999999999999997,0.11224972160321824
gu3,language_C_vs_S,gamma,ElasticNet,52,30,22,5,105,0.6563636363636365,0.0876506966777742,0.61,0.05120763831912406,0.7666666666666667,0.16996731711975951,0.5,0.06324555320336757
gu3,language_C_vs_S,all,SVM_linear,52,30,22,5,630,0.48545454545454547,0.1361331385260719,0.4583333333333332,0.1358103252497558,0.6666666666666667,0.18257418583505539,0.24,0.15937377450509227
gu3,language_C_vs_S,all,RandomForest,52,30,22,5,630,0.46363636363636357,0.1158511441605381,0.3433333333333333,0.10413666234542207,0.6333333333333334,0.19436506316151003,0.24,0.15937377450509227
gu3,language_C_vs_S,all,ElasticNet,52,30,22,5,630,0.5,0.20123585110162417,0.55,0.19585992727230123,0.5333333333333333,0.22110831935702668,0.45,0.2144761058952722
gu3,language_C_vs_Others,delta,SVM_linear,64,30,34,5,105,0.5782051282051281,0.0769658001015571,0.6063492063492063,0.1476787726934985,0.5999999999999999,0.16996731711975951,0.5571428571428572,0.09476070829586856
gu3,language_C_vs_Others,delta,RandomForest,64,30,34,5,105,0.4987179487179487,0.1383427790791406,0.4817460317460317,0.1340212789067409,0.4333333333333333,0.1699673171197595,0.5523809523809524,0.26869973294601684
gu3,language_C_vs_Others,delta,ElasticNet,64,30,34,5,105,0.5615384615384615,0.10769230769230771,0.623015873015873,0.15884916173979996,0.5999999999999999,0.24944382578492943,0.5238095238095238,0.13127665478181164
gu3,language_C_vs_Others,theta,SVM_linear,64,30,34,5,105,0.34102564102564104,0.17000599440257208,0.29126984126984123,0.08871865785702934,0.4333333333333333,0.30912061651652345,0.2619047619047619,0.24374255032513767
gu3,language_C_vs_Others,theta,RandomForest,64,30,34,5,105,0.4076923076923077,0.1606201001370854,0.3055555555555555,0.047086974521242275,0.36666666666666664,0.06666666666666668,0.4428571428571429,0.2871393034605968
gu3,language_C_vs_Others,theta,ElasticNet,64,30,34,5,105,0.4653846153846154,0.12186907321349892,0.42857142857142855,0.13883218797250713,0.5666666666666667,0.3091206165165235,0.3809523809523809,0.10858813572372743
gu3,language_C_vs_Others,alpha,SVM_linear,64,30,34,5,105,0.5935897435897436,0.10188880249387451,0.5634920634920635,0.1883478980849692,0.5666666666666667,0.16996731711975951,0.619047619047619,0.19047619047619047
gu3,language_C_vs_Others,alpha,RandomForest,64,30,34,5,105,0.5179487179487179,0.09372136862819005,0.4603174603174603,0.14711468712042552,0.5333333333333333,0.06666666666666667,0.5095238095238095,0.20625150312102586
gu3,language_C_vs_Others,alpha,ElasticNet,64,30,34,5,105,0.5641025641025641,0.15469849363075233,0.6039682539682539,0.17059615654186983,0.5666666666666667,0.13333333333333333,0.5619047619047619,0.17405397030949588
gu3,language_C_vs_Others,beta,SVM_linear,64,30,34,5,105,0.5474358974358975,0.12996231689717117,0.5428571428571429,0.10583862271853749,0.6333333333333333,0.24494897427831785,0.4714285714285714,0.22857142857142856
gu3,language_C_vs_Others,beta,RandomForest,64,30,34,5,105,0.5461538461538462,0.03768445758127968,0.4825396825396826,0.035190157583167264,0.5333333333333333,0.12472191289246472,0.5523809523809524,0.1523809523809524
gu3,language_C_vs_Others,beta,ElasticNet,64,30,34,5,105,0.5782051282051281,0.12406123490669688,0.6,0.09920317455237934,0.6333333333333333,0.12472191289246473,0.5285714285714286,0.1665986255670086
gu3,language_C_vs_Others,highbeta,SVM_linear,64,30,34,5,105,0.46923076923076923,0.08565791327430801,0.4214285714285714,0.15013221686128045,0.5333333333333333,0.19436506316151003,0.419047619047619,0.16605329308726374
gu3,language_C_vs_Others,highbeta,RandomForest,64,30,34,5,105,0.5153846153846154,0.13234346564680963,0.5158730158730158,0.18994635303684562,0.5333333333333334,0.3055050463303894,0.4904761904761904,0.18540878413268366
gu3,language_C_vs_Others,highbeta,ElasticNet,64,30,34,5,105,0.5782051282051281,0.10323498532921742,0.5873015873015873,0.12787386705474815,0.6333333333333334,0.16329931618554522,0.5333333333333333,0.15764709864044618
gu3,language_C_vs_Others,gamma,SVM_linear,64,30,34,5,105,0.5320512820512822,0.13458485612318677,0.5341269841269842,0.09705930632514574,0.7000000000000001,0.16329931618554522,0.3809523809523809,0.19047619047619047
gu3,language_C_vs_Others,gamma,RandomForest,64,30,34,5,105,0.4205128205128205,0.11070273407652773,0.4829365079365079,0.17331596226694765,0.4333333333333333,0.13333333333333333,0.4095238095238095,0.09805362039035238
gu3,language_C_vs_Others,gamma,ElasticNet,64,30,34,5,105,0.5782051282051281,0.11412416966291222,0.6365079365079366,0.07926978405830969,0.7666666666666667,0.16996731711975951,0.4095238095238095,0.2055907918564086
gu3,language_C_vs_Others,all,SVM_linear,64,30,34,5,630,0.43717948717948724,0.10227523423168786,0.503968253968254,0.14737135731346238,0.36666666666666664,0.22110831935702666,0.5,0.14285714285714288
gu3,language_C_vs_Others,all,RandomForest,64,30,34,5,630,0.4833333333333333,0.14570330918128588,0.511904761904762,0.18038758976072203,0.4999999999999999,0.2581988897471611,0.4619047619047619,0.15764709864044615
gu3,language_C_vs_Others,all,ElasticNet,64,30,34,5,630,0.532051282051282,0.03930694799168177,0.55,0.1247219128924647,0.5,0.10540925533894598,0.5571428571428572,0.09476070829586858
gu3,age_8-12_vs_5-7,delta,SVM_linear,52,32,20,5,105,0.34545454545454546,0.11339975366918309,0.3130952380952381,0.14924222804014112,0.4333333333333333,0.09331389496316869,0.2,0.29154759474226505
gu3,age_8-12_vs_5-7,delta,RandomForest,52,32,20,5,105,0.37818181818181823,0.17689703780298602,0.3208333333333333,0.10538236179205109,0.48571428571428565,0.2815570571256092,0.2,0.18708286933869708
gu3,age_8-12_vs_5-7,delta,ElasticNet,52,32,20,5,105,0.45999999999999996,0.10595492570424338,0.37738095238095243,0.08044307574536262,0.4619047619047619,0.15103572883003527,0.45,0.18708286933869708
gu3,age_8-12_vs_5-7,theta,SVM_linear,52,32,20,5,105,0.5236363636363637,0.14687938493542332,0.5404761904761906,0.15409195652518548,0.5476190476190477,0.22233557199864287,0.5,0.27386127875258304
gu3,age_8-12_vs_5-7,theta,RandomForest,52,32,20,5,105,0.48,0.08016511885472218,0.3928571428571428,0.10813036978919613,0.6904761904761905,0.1535668142533057,0.15,0.19999999999999998
gu3,age_8-12_vs_5-7,theta,ElasticNet,52,32,20,5,105,0.5618181818181818,0.15812956294661018,0.5428571428571428,0.09927457971137803,0.6095238095238095,0.21956460730282865,0.5,0.27386127875258304
gu3,age_8-12_vs_5-7,alpha,SVM_linear,52,32,20,5,105,0.5909090909090909,0.12530953410991114,0.6202380952380953,0.18989494649133726,0.6571428571428571,0.17208867618659668,0.5,0.3535533905932738
gu3,age_8-12_vs_5-7,alpha,RandomForest,52,32,20,5,105,0.49818181818181817,0.11886515729949929,0.3857142857142857,0.09672573259964885,0.6523809523809524,0.19142620230706459,0.25,0.15811388300841897
gu3,age_8-12_vs_5-7,alpha,ElasticNet,52,32,20,5,105,0.5345454545454544,0.15958624187266687,0.6619047619047619,0.15069754665187293,0.5047619047619047,0.20056609227288277,0.6,0.406201920231798
gu3,age_8-12_vs_5-7,beta,SVM_linear,52,32,20,5,105,0.3018181818181818,0.13731787337090332,0.31071428571428567,0.1433226542454285,0.2095238095238095,0.14238015607358145,0.45,0.18708286933869708
gu3,age_8-12_vs_5-7,beta,RandomForest,52,32,20,5,105,0.5236363636363637,0.1794021292151856,0.5672619047619047,0.13528545448425464,0.6619047619047619,0.25305390963021757,0.3,0.18708286933869708
gu3,age_8-12_vs_5-7,beta,ElasticNet,52,32,20,5,105,0.3618181818181818,0.09865207248182208,0.3083333333333333,0.1673624930551426,0.4333333333333333,0.17586843154875606,0.25,0.15811388300841897
gu3,age_8-12_vs_5-7,highbeta,SVM_linear,52,32,20,5,105,0.4618181818181818,0.03699452718068327,0.344047619047619,0.03734377890799552,0.5714285714285714,0.18132793109199782,0.3,0.24494897427831783
gu3,age_8-12_vs_5-7,highbeta,RandomForest,52,32,20,5,105,0.5363636363636364,0.11585114416053813,0.425,0.08599903100229288,0.7476190476190476,0.22617794451500794,0.2,0.24494897427831783
gu3,age_8-12_vs_5-7,highbeta,ElasticNet,52,32,20,5,105,0.5563636363636364,0.054363332319003824,0.5345238095238096,0.09977298495122365,0.6238095238095237,0.07737179432986628,0.45,0.18708286933869708
gu3,age_8-12_vs_5-7,gamma,SVM_linear,52,32,20,5,105,0.5363636363636364,0.08252222340298339,0.5535714285714285,0.10514001031342676,0.5333333333333333,0.13265131692556303,0.55,0.291547594742265
gu3,age_8-12_vs_5-7,gamma,RandomForest,52,32,20,5,105,0.5145454545454545,0.13865946156318268,0.5327380952380952,0.08230660008306477,0.7095238095238096,0.17129624522480902,0.2,0.1
gu3,age_8-12_vs_5-7,gamma,ElasticNet,52,32,20,5,105,0.5,0.06947262972561016,0.4511904761904762,0.13396957044414473,0.5,0.18808016817268094,0.5,0.15811388300841897
gu3,age_8-12_vs_5-7,all,SVM_linear,52,32,20,5,630,0.5163636363636364,0.1835733465231786,0.4666666666666667,0.20982797186690286,0.6285714285714286,0.14646244284980667,0.35,0.33911649915626346
gu3,age_8-12_vs_5-7,all,RandomForest,52,32,20,5,630,0.4618181818181818,0.03699452718068327,0.34226190476190477,0.11606379706291768,0.6619047619047619,0.13162166629605004,0.15,0.19999999999999998
gu3,age_8-12_vs_5-7,all,ElasticNet,52,32,20,5,630,0.4836363636363636,0.16874843127523062,0.5107142857142857,0.10435527143243395,0.4428571428571429,0.18540878413268366,0.55,0.18708286933869706
