task,band,model,n_samples,n_positive,n_negative,n_splits,n_features,accuracy_mean,accuracy_sd,auc_mean,auc_sd,sensitivity_mean,sensitivity_sd,specificity_mean,specificity_sd
language_C_vs_S_gu3,delta,SVM_linear,51,30,21,5,105,0.6490909090909092,0.09047167494272532,0.5966666666666667,0.21893682498230702,0.8,0.12472191289246473,0.44000000000000006,0.12
language_C_vs_S_gu3,delta,RandomForest,51,30,21,5,105,0.41454545454545455,0.16440224807937912,0.365,0.16536155673083283,0.5333333333333333,0.2666666666666667,0.22999999999999998,0.20396078054371142
language_C_vs_S_gu3,delta,ElasticNet,51,30,21,5,105,0.5472727272727272,0.10716481475121,0.6083333333333334,0.08975274678557507,0.6666666666666667,0.14907119849998599,0.38,0.11224972160321824
language_C_vs_S_gu3,theta,SVM_linear,51,30,21,5,105,0.5509090909090909,0.08843917459647496,0.5066666666666667,0.19905331502444823,0.7,0.19436506316151,0.32999999999999996,0.18867962264113208
language_C_vs_S_gu3,theta,RandomForest,51,30,21,5,105,0.4545454545454545,0.14235330277137004,0.32416666666666666,0.12013880860626733,0.6,0.2,0.24,0.15937377450509227
language_C_vs_S_gu3,theta,ElasticNet,51,30,21,5,105,0.5490909090909091,0.04475830409124061,0.5933333333333334,0.08154753215150046,0.6333333333333333,0.12472191289246473,0.43,0.18601075237738274
language_C_vs_S_gu3,alpha,SVM_linear,51,30,21,5,105,0.6290909090909091,0.06122712087448267,0.6050000000000001,0.09092121131323905,0.7333333333333333,0.13333333333333336,0.48,0.16309506430300091
language_C_vs_S_gu3,alpha,RandomForest,51,30,21,5,105,0.6254545454545454,0.12079625630453156,0.5283333333333333,0.16292465879799914,0.8,0.24494897427831783,0.37,0.21817424229271426
language_C_vs_S_gu3,alpha,ElasticNet,51,30,21,5,105,0.650909090909091,0.09818181818181818,0.6916666666666667,0.13333333333333336,0.7666666666666667,0.16996731711975951,0.48,0.16309506430300091
language_C_vs_S_gu3,beta,SVM_linear,51,30,21,5,105,0.5327272727272727,0.09299426801850487,0.4699999999999999,0.20477630071210226,0.6666666666666666,0.27888667551135854,0.32,0.21118712081942875
language_C_vs_S_gu3,beta,RandomForest,51,30,21,5,105,0.4890909090909091,0.11955841616562614,0.4291666666666667,0.16645820296198482,0.6,0.13333333333333333,0.32999999999999996,0.24617067250182342
language_C_vs_S_gu3,beta,ElasticNet,51,30,21,5,105,0.6090909090909091,0.10252997948997591,0.6133333333333333,0.08242842012585493,0.6666666666666666,0.18257418583505536,0.52,0.039999999999999994
language_C_vs_S_gu3,highbeta,SVM_linear,51,30,21,5,105,0.5290909090909091,0.11647721729488701,0.47833333333333333,0.17893201688537094,0.7666666666666666,0.13333333333333336,0.18,0.15684387141358122
language_C_vs_S_gu3,highbeta,RandomForest,51,30,21,5,105,0.4927272727272727,0.09831640606978743,0.4583333333333333,0.11180339887498948,0.6,0.20000000000000004,0.33999999999999997,0.34263683398023626
language_C_vs_S_gu3,highbeta,ElasticNet,51,30,21,5,105,0.6509090909090908,0.11678899529273983,0.6233333333333333,0.11611775632233569,0.7666666666666667,0.16996731711975951,0.48,0.16309506430300091
language_C_vs_S_gu3,gamma,SVM_linear,51,30,21,5,105,0.6090909090909091,0.10252997948997591,0.58,0.13193011618108869,0.7333333333333333,0.13333333333333336,0.43,0.09797958971132713
language_C_vs_S_gu3,gamma,RandomForest,51,30,21,5,105,0.45090909090909087,0.07748100273695462,0.39,0.14165686240583852,0.6,0.13333333333333336,0.22999999999999998,0.20396078054371142
language_C_vs_S_gu3,gamma,ElasticNet,51,30,21,5,105,0.6054545454545456,0.14563625014182388,0.6316666666666666,0.05307227776030218,0.7666666666666667,0.16996731711975951,0.37,0.2181742422927143
language_C_vs_S_gu3,all,SVM_linear,51,30,21,5,630,0.530909090909091,0.058803496831986275,0.41500000000000004,0.08086339647138802,0.6666666666666667,0.21081851067789198,0.32,0.21118712081942875
language_C_vs_S_gu3,all,RandomForest,51,30,21,5,630,0.4709090909090909,0.039584620103776794,0.38666666666666666,0.18405916923038032,0.6666666666666667,0.14907119849998599,0.18,0.22271057451320087
language_C_vs_S_gu3,all,ElasticNet,51,30,21,5,630,0.5527272727272727,0.11374903505176036,0.5216666666666667,0.13970206393130585,0.6666666666666667,0.25819888974716115,0.37,0.15033296378372907
age_8-12_vs_5-7_gu3,delta,SVM_linear,51,32,19,5,105,0.46909090909090906,0.13949140202775734,0.37738095238095243,0.21114094549900347,0.4904761904761904,0.1456862718169367,0.4333333333333333,0.2260776661041756
age_8-12_vs_5-7_gu3,delta,RandomForest,51,32,19,5,105,0.44727272727272727,0.15792036909533427,0.3196428571428571,0.13112272470567551,0.6523809523809523,0.2847603121471629,0.1,0.12247448713915891
age_8-12_vs_5-7_gu3,delta,ElasticNet,51,32,19,5,105,0.4254545454545455,0.23827201623146654,0.3059523809523809,0.16251635187220498,0.44761904761904764,0.28626930219407876,0.35,0.3741657386773941
age_8-12_vs_5-7_gu3,theta,SVM_linear,51,32,19,5,105,0.3909090909090909,0.08069942189517144,0.4119047619047619,0.1372614401346781,0.419047619047619,0.18356509778472743,0.3833333333333333,0.2818589087547961
age_8-12_vs_5-7_gu3,theta,RandomForest,51,32,19,5,105,0.44727272727272727,0.11374903505176037,0.43571428571428567,0.0815628244426697,0.619047619047619,0.13384256497671615,0.15,0.12247448713915891
age_8-12_vs_5-7_gu3,theta,ElasticNet,51,32,19,5,105,0.510909090909091,0.04789796317207087,0.523809523809524,0.10720897430875646,0.5095238095238095,0.1456862718169367,0.5333333333333333,0.17159383568311667
age_8-12_vs_5-7_gu3,alpha,SVM_linear,51,32,19,5,105,0.5472727272727272,0.08651183456996595,0.6452380952380953,0.1312010625752005,0.5285714285714286,0.14317425122259914,0.5666666666666667,0.2260776661041756
age_8-12_vs_5-7_gu3,alpha,RandomForest,51,32,19,5,105,0.5872727272727273,0.04585280077424905,0.49107142857142855,0.20395049641680732,0.8428571428571429,0.10605265453009566,0.15,0.19999999999999998
age_8-12_vs_5-7_gu3,alpha,ElasticNet,51,32,19,5,105,0.5872727272727273,0.11875386031133038,0.6595238095238095,0.17937912573178438,0.5952380952380952,0.1528267289131544,0.5666666666666667,0.2260776661041756
age_8-12_vs_5-7_gu3,beta,SVM_linear,51,32,19,5,105,0.37090909090909097,0.10839169862391912,0.43690476190476185,0.1396261610609119,0.3476190476190476,0.22365749649175956,0.4333333333333333,0.2758824226207808
age_8-12_vs_5-7_gu3,beta,RandomForest,51,32,19,5,105,0.5290909090909091,0.07461194374066613,0.4523809523809524,0.09253990375426198,0.6619047619047619,0.20448486241508465,0.3333333333333333,0.22973414586817034
age_8-12_vs_5-7_gu3,beta,ElasticNet,51,32,19,5,105,0.41454545454545455,0.17614794683320528,0.3083333333333333,0.1744524963117116,0.43809523809523815,0.21956460730282865,0.3833333333333333,0.3231786571610886
age_8-12_vs_5-7_gu3,highbeta,SVM_linear,51,32,19,5,105,0.4745454545454545,0.15389166523271874,0.3404761904761905,0.18130448199849822,0.5285714285714286,0.2798606715221927,0.35,0.25495097567963926
age_8-12_vs_5-7_gu3,highbeta,RandomForest,51,32,19,5,105,0.510909090909091,0.07933608810644155,0.41071428571428575,0.23605524882718923,0.719047619047619,0.1217782081194707,0.16666666666666666,0.13944333775567927
age_8-12_vs_5-7_gu3,highbeta,ElasticNet,51,32,19,5,105,0.47272727272727266,0.12237322669428247,0.5023809523809524,0.11285061263003872,0.5666666666666667,0.1758684315487561,0.31666666666666665,0.09718253158075502
age_8-12_vs_5-7_gu3,gamma,SVM_linear,51,32,19,5,105,0.5854545454545454,0.12258914786209144,0.580952380952381,0.09483545841264018,0.5952380952380952,0.16218463205644193,0.5666666666666667,0.2260776661041756
age_8-12_vs_5-7_gu3,gamma,RandomForest,51,32,19,5,105,0.5454545454545455,0.11074503514793499,0.5184523809523809,0.08376588420120133,0.7142857142857142,0.2233531314201633,0.25,0.22360679774997896
age_8-12_vs_5-7_gu3,gamma,ElasticNet,51,32,19,5,105,0.5690909090909091,0.09818181818181816,0.5809523809523809,0.23599069892121655,0.5333333333333333,0.08053111678708458,0.6333333333333333,0.2505549396395485
age_8-12_vs_5-7_gu3,all,SVM_linear,51,32,19,5,630,0.4963636363636364,0.2055108531046515,0.5059523809523809,0.2930361435145769,0.6095238095238095,0.254037688920936,0.31666666666666665,0.2438123139721299
age_8-12_vs_5-7_gu3,all,RandomForest,51,32,19,5,630,0.509090909090909,0.018181818181818167,0.294047619047619,0.11042268306032219,0.719047619047619,0.060982135594598585,0.15,0.12247448713915891
age_8-12_vs_5-7_gu3,all,ElasticNet,51,32,19,5,630,0.5527272727272726,0.14470260182597477,0.5035714285714286,0.18979043222266317,0.6285714285714286,0.1464624428498067,0.41666666666666663,0.19002923751652298
