task,condition,band,model,fold,feature,coefficient,abs_coefficient,selected
age_8-12_vs_5-7,gu2,alpha,ElasticNet,1,alpha_ACtL_ACrL,0.06683648428124117,0.06683648428124117,True
age_8-12_vs_5-7,gu2,alpha,ElasticNet,1,alpha_ACtL_ACaL,0.0,0.0,False
age_8-12_vs_5-7,gu2,alpha,ElasticNet,1,alpha_ACtL_ACtR,0.0,0.0,False
age_8-12_vs_5-7,gu2,alpha,ElasticNet,1,alpha_ACtL_ACrR,0.0,0.0,False
age_8-12_vs_5-7,gu2,alpha,ElasticNet,1,alpha_ACtL_ACaR,0.0,0.0,False
age_8-12_vs_5-7,gu2,alpha,ElasticNet,1,alpha_ACtL_FL,0.0,0.0,False
age_8-12_vs_5-7,gu2,alpha,ElasticNet,1,alpha_ACtL_FR,0.06642009642232487,0.06642009642232487,True
age_8-12_vs_5-7,gu2,alpha,ElasticNet,1,alpha_ACtL_PL,0.0,0.0,False
age_8-12_vs_5-7,gu2,alpha,ElasticNet,1,alpha_ACtL_PR,0.0,0.0,False
age_8-12_vs_5-7,gu2,alpha,ElasticNet,1,alpha_ACtL_FpM,0.0,0.0,False
age_8-12_vs_5-7,gu2,alpha,ElasticNet,1,alpha_ACtL_FM,0.0,0.0,False
age_8-12_vs_5-7,gu2,alpha,ElasticNet,1,alpha_ACtL_CM,0.0,0.0,False
age_8-12_vs_5-7,gu2,alpha,ElasticNet,1,alpha_ACtL_PM,0.0,0.0,False
age_8-12_vs_5-7,gu2,alpha,ElasticNet,1,alpha_ACtL_OpM,0.0,0.0,False
age_8-12_vs_5-7,gu2,alpha,ElasticNet,1,alpha_ACrL_ACaL,0.0,0.0,False
age_8-12_vs_5-7,gu2,alpha,ElasticNet,1,alpha_ACrL_ACtR,-0.4178714237585457,0.4178714237585457,True
age_8-12_vs_5-7,gu2,alpha,ElasticNet,1,alpha_ACrL_ACrR,-0.6798122923707,0.6798122923707,True
age_8-12_vs_5-7,gu2,alpha,ElasticNet,1,alpha_ACrL_ACaR,-0.13555334228406493,0.13555334228406493,True
age_8-12_vs_5-7,gu2,alpha,ElasticNet,1,alpha_ACrL_FL,0.0,0.0,False
age_8-12_vs_5-7,gu2,alpha,ElasticNet,1,alpha_ACrL_FR,0.0,0.0,False
age_8-12_vs_5-7,gu2,alpha,ElasticNet,1,alpha_ACrL_PL,0.0,0.0,False
age_8-12_vs_5-7,gu2,alpha,ElasticNet,1,alpha_ACrL_PR,0.0,0.0,False
age_8-12_vs_5-7,gu2,alpha,ElasticNet,1,alpha_ACrL_FpM,0.0,0.0,False
age_8-12_vs_5-7,gu2,alpha,ElasticNet,1,alpha_ACrL_FM,0.0,0.0,False
age_8-12_vs_5-7,gu2,alpha,ElasticNet,1,alpha_ACrL_CM,0.09310081319474227,0.09310081319474227,True
age_8-12_vs_5-7,gu2,alpha,ElasticNet,1,alpha_ACrL_PM,0.6968817315135347,0.6968817315135347,True
age_8-12_vs_5-7,gu2,alpha,ElasticNet,1,alpha_ACrL_OpM,0.8551569257011937,0.8551569257011937,True
age_8-12_vs_5-7,gu2,alpha,ElasticNet,1,alpha_ACaL_ACtR,0.0,0.0,False
age_8-12_vs_5-7,gu2,alpha,ElasticNet,1,alpha_ACaL_ACrR,0.0,0.0,False
age_8-12_vs_5-7,gu2,alpha,ElasticNet,1,alpha_ACaL_ACaR,0.0,0.0,False
age_8-12_vs_5-7,gu2,alpha,ElasticNet,1,alpha_ACaL_FL,0.0,0.0,False
age_8-12_vs_5-7,gu2,alpha,ElasticNet,1,alpha_ACaL_FR,0.0,0.0,False
age_8-12_vs_5-7,gu2,alpha,ElasticNet,1,alpha_ACaL_PL,0.0,0.0,False
age_8-12_vs_5-7,gu2,alpha,ElasticNet,1,alpha_ACaL_PR,0.0,0.0,False
age_8-12_vs_5-7,gu2,alpha,ElasticNet,1,alpha_ACaL_FpM,0.0,0.0,False
age_8-12_vs_5-7,gu2,alpha,ElasticNet,1,alpha_ACaL_FM,0.0,0.0,False
age_8-12_vs_5-7,gu2,alpha,ElasticNet,1,alpha_ACaL_CM,0.0,0.0,False
age_8-12_vs_5-7,gu2,alpha,ElasticNet,1,alpha_ACaL_PM,0.0,0.0,False
age_8-12_vs_5-7,gu2,alpha,ElasticNet,1,alpha_ACaL_OpM,0.0,0.0,False
age_8-12_vs_5-7,gu2,alpha,ElasticNet,1,alpha_ACtR_ACrR,-0.22691598801274843,0.22691598801274843,True
age_8-12_vs_5-7,gu2,alpha,ElasticNet,1,alpha_ACtR_ACaR,-0.3949984553851936,0.3949984553851936,True
age_8-12_vs_5-7,gu2,alpha,ElasticNet,1,alpha_ACtR_FL,-0.3191749374094112,0.3191749374094112,True
age_8-12_vs_5-7,gu2,alpha,ElasticNet,1,alpha_ACtR_FR,0.0,0.0,False
age_8-12_vs_5-7,gu2,alpha,ElasticNet,1,alpha_ACtR_PL,0.0,0.0,False
age_8-12_vs_5-7,gu2,alpha,ElasticNet,1,alpha_ACtR_PR,0.0,0.0,False
age_8-12_vs_5-7,gu2,alpha,ElasticNet,1,alpha_ACtR_FpM,0.0,0.0,False
age_8-12_vs_5-7,gu2,alpha,ElasticNet,1,alpha_ACtR_FM,0.0,0.0,False
age_8-12_vs_5-7,gu2,alpha,ElasticNet,1,alpha_ACtR_CM,0.0,0.0,False
age_8-12_vs_5-7,gu2,alpha,ElasticNet,1,alpha_ACtR_PM,0.0,0.0,False
age_8-12_vs_5-7,gu2,alpha,ElasticNet,1,alpha_ACtR_OpM,0.3575153772231829,0.3575153772231829,True
age_8-12_vs_5-7,gu2,alpha,ElasticNet,1,alpha_ACrR_ACaR,0.0,0.0,False
age_8-12_vs_5-7,gu2,alpha,ElasticNet,1,alpha_ACrR_FL,0.0,0.0,False
age_8-12_vs_5-7,gu2,alpha,ElasticNet,1,alpha_ACrR_FR,0.0,0.0,False
age_8-12_vs_5-7,gu2,alpha,ElasticNet,1,alpha_ACrR_PL,0.0,0.0,False
age_8-12_vs_5-7,gu2,alpha,ElasticNet,1,alpha_ACrR_PR,0.0,0.0,False
age_8-12_vs_5-7,gu2,alpha,ElasticNet,1,alpha_ACrR_FpM,0.0,0.0,False
age_8-12_vs_5-7,gu2,alpha,ElasticNet,1,alpha_ACrR_FM,0.0,0.0,False
age_8-12_vs_5-7,gu2,alpha,ElasticNet,1,alpha_ACrR_CM,0.0,0.0,False
age_8-12_vs_5-7,gu2,alpha,ElasticNet,1,alpha_ACrR_PM,0.0,0.0,False
age_8-12_vs_5-7,gu2,alpha,ElasticNet,1,alpha_ACrR_OpM,0.0,0.0,False
age_8-12_vs_5-7,gu2,alpha,ElasticNet,1,alpha_ACaR_FL,-0.200600621640175,0.200600621640175,True
age_8-12_vs_5-7,gu2,alpha,ElasticNet,1,alpha_ACaR_FR,0.0,0.0,False
age_8-12_vs_5-7,gu2,alpha,ElasticNet,1,alpha_ACaR_PL,0.0,0.0,False
age_8-12_vs_5-7,gu2,alpha,ElasticNet,1,alpha_ACaR_PR,0.0,0.0,False
age_8-12_vs_5-7,gu2,alpha,ElasticNet,1,alpha_ACaR_FpM,0.15120740514975212,0.15120740514975212,True
age_8-12_vs_5-7,gu2,alpha,ElasticNet,1,alpha_ACaR_FM,0.0,0.0,False
age_8-12_vs_5-7,gu2,alpha,ElasticNet,1,alpha_ACaR_CM,0.0,0.0,False
age_8-12_vs_5-7,gu2,alpha,ElasticNet,1,alpha_ACaR_PM,0.0,0.0,False
age_8-12_vs_5-7,gu2,alpha,ElasticNet,1,alpha_ACaR_OpM,0.0,0.0,False
age_8-12_vs_5-7,gu2,alpha,ElasticNet,1,alpha_FL_FR,0.0,0.0,False
age_8-12_vs_5-7,gu2,alpha,ElasticNet,1,alpha_FL_PL,0.0,0.0,False
age_8-12_vs_5-7,gu2,alpha,ElasticNet,1,alpha_FL_PR,0.0,0.0,False
age_8-12_vs_5-7,gu2,alpha,ElasticNet,1,alpha_FL_FpM,0.0,0.0,False
age_8-12_vs_5-7,gu2,alpha,ElasticNet,1,alpha_FL_FM,0.0,0.0,False
age_8-12_vs_5-7,gu2,alpha,ElasticNet,1,alpha_FL_CM,0.0,0.0,False
age_8-12_vs_5-7,gu2,alpha,ElasticNet,1,alpha_FL_PM,0.0,0.0,False
age_8-12_vs_5-7,gu2,alpha,ElasticNet,1,alpha_FL_OpM,0.0,0.0,False
age_8-12_vs_5-7,gu2,alpha,ElasticNet,1,alpha_FR_PL,0.0,0.0,False
age_8-12_vs_5-7,gu2,alpha,ElasticNet,1,alpha_FR_PR,0.0,0.0,False
age_8-12_vs_5-7,gu2,alpha,ElasticNet,1,alpha_FR_FpM,0.0,0.0,False
age_8-12_vs_5-7,gu2,alpha,ElasticNet,1,alpha_FR_FM,0.0,0.0,False
age_8-12_vs_5-7,gu2,alpha,ElasticNet,1,alpha_FR_CM,0.0,0.0,False
age_8-12_vs_5-7,gu2,alpha,ElasticNet,1,alpha_FR_PM,0.0,0.0,False
age_8-12_vs_5-7,gu2,alpha,ElasticNet,1,alpha_FR_OpM,0.0,0.0,False
age_8-12_vs_5-7,gu2,alpha,ElasticNet,1,alpha_PL_PR,0.0,0.0,False
age_8-12_vs_5-7,gu2,alpha,ElasticNet,1,alpha_PL_FpM,0.0,0.0,False
age_8-12_vs_5-7,gu2,alpha,ElasticNet,1,alpha_PL_FM,0.0,0.0,False
age_8-12_vs_5-7,gu2,alpha,ElasticNet,1,alpha_PL_CM,0.0,0.0,False
age_8-12_vs_5-7,gu2,alpha,ElasticNet,1,alpha_PL_PM,0.0,0.0,False
age_8-12_vs_5-7,gu2,alpha,ElasticNet,1,alpha_PL_OpM,0.0,0.0,False
age_8-12_vs_5-7,gu2,alpha,ElasticNet,1,alpha_PR_FpM,0.0,0.0,False
age_8-12_vs_5-7,gu2,alpha,ElasticNet,1,alpha_PR_FM,0.0,0.0,False
age_8-12_vs_5-7,gu2,alpha,ElasticNet,1,alpha_PR_CM,0.0,0.0,False
age_8-12_vs_5-7,gu2,alpha,ElasticNet,1,alpha_PR_PM,-0.0010951346125023925,0.0010951346125023925,True
age_8-12_vs_5-7,gu2,alpha,ElasticNet,1,alpha_PR_OpM,0.0,0.0,False
age_8-12_vs_5-7,gu2,alpha,ElasticNet,1,alpha_FpM_FM,0.0,0.0,False
age_8-12_vs_5-7,gu2,alpha,ElasticNet,1,alpha_FpM_CM,0.0,0.0,False
age_8-12_vs_5-7,gu2,alpha,ElasticNet,1,alpha_FpM_PM,0.0,0.0,False
age_8-12_vs_5-7,gu2,alpha,ElasticNet,1,alpha_FpM_OpM,0.0,0.0,False
age_8-12_vs_5-7,gu2,alpha,ElasticNet,1,alpha_FM_CM,0.0,0.0,False
age_8-12_vs_5-7,gu2,alpha,ElasticNet,1,alpha_FM_PM,0.0,0.0,False
age_8-12_vs_5-7,gu2,alpha,ElasticNet,1,alpha_FM_OpM,0.0,0.0,False
age_8-12_vs_5-7,gu2,alpha,ElasticNet,1,alpha_CM_PM,0.0,0.0,False
age_8-12_vs_5-7,gu2,alpha,ElasticNet,1,alpha_CM_OpM,0.0,0.0,False
age_8-12_vs_5-7,gu2,alpha,ElasticNet,1,alpha_PM_OpM,0.0,0.0,False
age_8-12_vs_5-7,gu2,alpha,ElasticNet,2,alpha_ACtL_ACrL,0.0,0.0,False
age_8-12_vs_5-7,gu2,alpha,ElasticNet,2,alpha_ACtL_ACaL,0.0,0.0,False
age_8-12_vs_5-7,gu2,alpha,ElasticNet,2,alpha_ACtL_ACtR,0.0,0.0,False
age_8-12_vs_5-7,gu2,alpha,ElasticNet,2,alpha_ACtL_ACrR,0.0,0.0,False
age_8-12_vs_5-7,gu2,alpha,ElasticNet,2,alpha_ACtL_ACaR,0.0,0.0,False
age_8-12_vs_5-7,gu2,alpha,ElasticNet,2,alpha_ACtL_FL,0.0,0.0,False
age_8-12_vs_5-7,gu2,alpha,ElasticNet,2,alpha_ACtL_FR,0.0,0.0,False
age_8-12_vs_5-7,gu2,alpha,ElasticNet,2,alpha_ACtL_PL,0.0,0.0,False
age_8-12_vs_5-7,gu2,alpha,ElasticNet,2,alpha_ACtL_PR,0.08733732001285657,0.08733732001285657,True
age_8-12_vs_5-7,gu2,alpha,ElasticNet,2,alpha_ACtL_FpM,0.0,0.0,False
age_8-12_vs_5-7,gu2,alpha,ElasticNet,2,alpha_ACtL_FM,0.0,0.0,False
age_8-12_vs_5-7,gu2,alpha,ElasticNet,2,alpha_ACtL_CM,0.0,0.0,False
age_8-12_vs_5-7,gu2,alpha,ElasticNet,2,alpha_ACtL_PM,0.0,0.0,False
age_8-12_vs_5-7,gu2,alpha,ElasticNet,2,alpha_ACtL_OpM,0.5603694944050208,0.5603694944050208,True
age_8-12_vs_5-7,gu2,alpha,ElasticNet,2,alpha_ACrL_ACaL,-0.03056442860564559,0.03056442860564559,True
age_8-12_vs_5-7,gu2,alpha,ElasticNet,2,alpha_ACrL_ACtR,-0.4524474656254769,0.4524474656254769,True
age_8-12_vs_5-7,gu2,alpha,ElasticNet,2,alpha_ACrL_ACrR,-0.4166729175906497,0.4166729175906497,True
age_8-12_vs_5-7,gu2,alpha,ElasticNet,2,alpha_ACrL_ACaR,0.0,0.0,False
age_8-12_vs_5-7,gu2,alpha,ElasticNet,2,alpha_ACrL_FL,0.0,0.0,False
age_8-12_vs_5-7,gu2,alpha,ElasticNet,2,alpha_ACrL_FR,0.0,0.0,False
age_8-12_vs_5-7,gu2,alpha,ElasticNet,2,alpha_ACrL_PL,0.0,0.0,False
age_8-12_vs_5-7,gu2,alpha,ElasticNet,2,alpha_ACrL_PR,0.0,0.0,False
age_8-12_vs_5-7,gu2,alpha,ElasticNet,2,alpha_ACrL_FpM,-0.4342600141309556,0.4342600141309556,True
age_8-12_vs_5-7,gu2,alpha,ElasticNet,2,alpha_ACrL_FM,-0.465674878540834,0.465674878540834,True
age_8-12_vs_5-7,gu2,alpha,ElasticNet,2,alpha_ACrL_CM,0.0,0.0,False
age_8-12_vs_5-7,gu2,alpha,ElasticNet,2,alpha_ACrL_PM,0.08836630492524293,0.08836630492524293,True
age_8-12_vs_5-7,gu2,alpha,ElasticNet,2,alpha_ACrL_OpM,0.8906238179157426,0.8906238179157426,True
age_8-12_vs_5-7,gu2,alpha,ElasticNet,2,alpha_ACaL_ACtR,0.0,0.0,False
age_8-12_vs_5-7,gu2,alpha,ElasticNet,2,alpha_ACaL_ACrR,0.0,0.0,False
age_8-12_vs_5-7,gu2,alpha,ElasticNet,2,alpha_ACaL_ACaR,0.0,0.0,False
age_8-12_vs_5-7,gu2,alpha,ElasticNet,2,alpha_ACaL_FL,0.0,0.0,False
age_8-12_vs_5-7,gu2,alpha,ElasticNet,2,alpha_ACaL_FR,0.0,0.0,False
age_8-12_vs_5-7,gu2,alpha,ElasticNet,2,alpha_ACaL_PL,0.0,0.0,False
age_8-12_vs_5-7,gu2,alpha,ElasticNet,2,alpha_ACaL_PR,0.0,0.0,False
age_8-12_vs_5-7,gu2,alpha,ElasticNet,2,alpha_ACaL_FpM,0.0,0.0,False
age_8-12_vs_5-7,gu2,alpha,ElasticNet,2,alpha_ACaL_FM,0.0,0.0,False
age_8-12_vs_5-7,gu2,alpha,ElasticNet,2,alpha_ACaL_CM,0.0,0.0,False
age_8-12_vs_5-7,gu2,alpha,ElasticNet,2,alpha_ACaL_PM,0.0,0.0,False
age_8-12_vs_5-7,gu2,alpha,ElasticNet,2,alpha_ACaL_OpM,0.0,0.0,False
age_8-12_vs_5-7,gu2,alpha,ElasticNet,2,alpha_ACtR_ACrR,-0.20785955317130517,0.20785955317130517,True
age_8-12_vs_5-7,gu2,alpha,ElasticNet,2,alpha_ACtR_ACaR,-0.33515211399767286,0.33515211399767286,True
age_8-12_vs_5-7,gu2,alpha,ElasticNet,2,alpha_ACtR_FL,-0.4606807522451534,0.4606807522451534,True
age_8-12_vs_5-7,gu2,alpha,ElasticNet,2,alpha_ACtR_FR,0.0,0.0,False
age_8-12_vs_5-7,gu2,alpha,ElasticNet,2,alpha_ACtR_PL,0.0,0.0,False
age_8-12_vs_5-7,gu2,alpha,ElasticNet,2,alpha_ACtR_PR,0.15513509989683935,0.15513509989683935,True
age_8-12_vs_5-7,gu2,alpha,ElasticNet,2,alpha_ACtR_FpM,0.0,0.0,False
age_8-12_vs_5-7,gu2,alpha,ElasticNet,2,alpha_ACtR_FM,0.0,0.0,False
age_8-12_vs_5-7,gu2,alpha,ElasticNet,2,alpha_ACtR_CM,0.0,0.0,False
age_8-12_vs_5-7,gu2,alpha,ElasticNet,2,alpha_ACtR_PM,0.0,0.0,False
age_8-12_vs_5-7,gu2,alpha,ElasticNet,2,alpha_ACtR_OpM,0.610232163487744,0.610232163487744,True
age_8-12_vs_5-7,gu2,alpha,ElasticNet,2,alpha_ACrR_ACaR,0.0,0.0,False
age_8-12_vs_5-7,gu2,alpha,ElasticNet,2,alpha_ACrR_FL,0.0,0.0,False
age_8-12_vs_5-7,gu2,alpha,ElasticNet,2,alpha_ACrR_FR,0.0,0.0,False
age_8-12_vs_5-7,gu2,alpha,ElasticNet,2,alpha_ACrR_PL,0.0,0.0,False
age_8-12_vs_5-7,gu2,alpha,ElasticNet,2,alpha_ACrR_PR,0.0,0.0,False
age_8-12_vs_5-7,gu2,alpha,ElasticNet,2,alpha_ACrR_FpM,0.0,0.0,False
age_8-12_vs_5-7,gu2,alpha,ElasticNet,2,alpha_ACrR_FM,0.0,0.0,False
age_8-12_vs_5-7,gu2,alpha,ElasticNet,2,alpha_ACrR_CM,0.0,0.0,False
age_8-12_vs_5-7,gu2,alpha,ElasticNet,2,alpha_ACrR_PM,0.0,0.0,False
age_8-12_vs_5-7,gu2,alpha,ElasticNet,2,alpha_ACrR_OpM,0.0,0.0,False
age_8-12_vs_5-7,gu2,alpha,ElasticNet,2,alpha_ACaR_FL,-0.5932720501908382,0.5932720501908382,True
age_8-12_vs_5-7,gu2,alpha,ElasticNet,2,alpha_ACaR_FR,-0.6812099416627775,0.6812099416627775,True
age_8-12_vs_5-7,gu2,alpha,ElasticNet,2,alpha_ACaR_PL,0.0,0.0,False
age_8-12_vs_5-7,gu2,alpha,ElasticNet,2,alpha_ACaR_PR,0.0,0.0,False
age_8-12_vs_5-7,gu2,alpha,ElasticNet,2,alpha_ACaR_FpM,0.3127845544931624,0.3127845544931624,True
age_8-12_vs_5-7,gu2,alpha,ElasticNet,2,alpha_ACaR_FM,0.0,0.0,False
age_8-12_vs_5-7,gu2,alpha,ElasticNet,2,alpha_ACaR_CM,0.0,0.0,False
age_8-12_vs_5-7,gu2,alpha,ElasticNet,2,alpha_ACaR_PM,0.0,0.0,False
age_8-12_vs_5-7,gu2,alpha,ElasticNet,2,alpha_ACaR_OpM,0.1454392283585819,0.1454392283585819,True
age_8-12_vs_5-7,gu2,alpha,ElasticNet,2,alpha_FL_FR,0.0,0.0,False
age_8-12_vs_5-7,gu2,alpha,ElasticNet,2,alpha_FL_PL,0.0,0.0,False
age_8-12_vs_5-7,gu2,alpha,ElasticNet,2,alpha_FL_PR,0.0,0.0,False
age_8-12_vs_5-7,gu2,alpha,ElasticNet,2,alpha_FL_FpM,0.0,0.0,False
age_8-12_vs_5-7,gu2,alpha,ElasticNet,2,alpha_FL_FM,0.0,0.0,False
age_8-12_vs_5-7,gu2,alpha,ElasticNet,2,alpha_FL_CM,0.0,0.0,False
age_8-12_vs_5-7,gu2,alpha,ElasticNet,2,alpha_FL_PM,0.0,0.0,False
age_8-12_vs_5-7,gu2,alpha,ElasticNet,2,alpha_FL_OpM,0.0,0.0,False
age_8-12_vs_5-7,gu2,alpha,ElasticNet,2,alpha_FR_PL,0.0,0.0,False
age_8-12_vs_5-7,gu2,alpha,ElasticNet,2,alpha_FR_PR,0.0,0.0,False
age_8-12_vs_5-7,gu2,alpha,ElasticNet,2,alpha_FR_FpM,0.0,0.0,False
age_8-12_vs_5-7,gu2,alpha,ElasticNet,2,alpha_FR_FM,0.0,0.0,False
age_8-12_vs_5-7,gu2,alpha,ElasticNet,2,alpha_FR_CM,0.0,0.0,False
age_8-12_vs_5-7,gu2,alpha,ElasticNet,2,alpha_FR_PM,0.0,0.0,False
age_8-12_vs_5-7,gu2,alpha,ElasticNet,2,alpha_FR_OpM,0.0,0.0,False
age_8-12_vs_5-7,gu2,alpha,ElasticNet,2,alpha_PL_PR,0.0,0.0,False
age_8-12_vs_5-7,gu2,alpha,ElasticNet,2,alpha_PL_FpM,0.4008969308578103,0.4008969308578103,True
age_8-12_vs_5-7,gu2,alpha,ElasticNet,2,alpha_PL_FM,0.22252239202893895,0.22252239202893895,True
age_8-12_vs_5-7,gu2,alpha,ElasticNet,2,alpha_PL_CM,0.0,0.0,False
age_8-12_vs_5-7,gu2,alpha,ElasticNet,2,alpha_PL_PM,0.0,0.0,False
age_8-12_vs_5-7,gu2,alpha,ElasticNet,2,alpha_PL_OpM,0.0,0.0,False
age_8-12_vs_5-7,gu2,alpha,ElasticNet,2,alpha_PR_FpM,0.0,0.0,False
age_8-12_vs_5-7,gu2,alpha,ElasticNet,2,alpha_PR_FM,0.0,0.0,False
age_8-12_vs_5-7,gu2,alpha,ElasticNet,2,alpha_PR_CM,0.0,0.0,False
age_8-12_vs_5-7,gu2,alpha,ElasticNet,2,alpha_PR_PM,0.0,0.0,False
age_8-12_vs_5-7,gu2,alpha,ElasticNet,2,alpha_PR_OpM,0.0,0.0,False
age_8-12_vs_5-7,gu2,alpha,ElasticNet,2,alpha_FpM_FM,0.0,0.0,False
age_8-12_vs_5-7,gu2,alpha,ElasticNet,2,alpha_FpM_CM,0.0,0.0,False
age_8-12_vs_5-7,gu2,alpha,ElasticNet,2,alpha_FpM_PM,0.0,0.0,False
age_8-12_vs_5-7,gu2,alpha,ElasticNet,2,alpha_FpM_OpM,0.0,0.0,False
age_8-12_vs_5-7,gu2,alpha,ElasticNet,2,alpha_FM_CM,0.0,0.0,False
age_8-12_vs_5-7,gu2,alpha,ElasticNet,2,alpha_FM_PM,0.0,0.0,False
age_8-12_vs_5-7,gu2,alpha,ElasticNet,2,alpha_FM_OpM,0.0,0.0,False
age_8-12_vs_5-7,gu2,alpha,ElasticNet,2,alpha_CM_PM,0.0,0.0,False
age_8-12_vs_5-7,gu2,alpha,ElasticNet,2,alpha_CM_OpM,0.0,0.0,False
age_8-12_vs_5-7,gu2,alpha,ElasticNet,2,alpha_PM_OpM,0.0,0.0,False
age_8-12_vs_5-7,gu2,alpha,ElasticNet,3,alpha_ACtL_ACrL,0.0,0.0,False
age_8-12_vs_5-7,gu2,alpha,ElasticNet,3,alpha_ACtL_ACaL,0.0,0.0,False
age_8-12_vs_5-7,gu2,alpha,ElasticNet,3,alpha_ACtL_ACtR,0.0,0.0,False
age_8-12_vs_5-7,gu2,alpha,ElasticNet,3,alpha_ACtL_ACrR,0.0,0.0,False
age_8-12_vs_5-7,gu2,alpha,ElasticNet,3,alpha_ACtL_ACaR,0.0,0.0,False
age_8-12_vs_5-7,gu2,alpha,ElasticNet,3,alpha_ACtL_FL,0.0,0.0,False
age_8-12_vs_5-7,gu2,alpha,ElasticNet,3,alpha_ACtL_FR,0.0,0.0,False
age_8-12_vs_5-7,gu2,alpha,ElasticNet,3,alpha_ACtL_PL,0.1754752226961986,0.1754752226961986,True
age_8-12_vs_5-7,gu2,alpha,ElasticNet,3,alpha_ACtL_PR,0.1591957850893311,0.1591957850893311,True
age_8-12_vs_5-7,gu2,alpha,ElasticNet,3,alpha_ACtL_FpM,0.0,0.0,False
age_8-12_vs_5-7,gu2,alpha,ElasticNet,3,alpha_ACtL_FM,0.0,0.0,False
age_8-12_vs_5-7,gu2,alpha,ElasticNet,3,alpha_ACtL_CM,0.0,0.0,False
age_8-12_vs_5-7,gu2,alpha,ElasticNet,3,alpha_ACtL_PM,0.0,0.0,False
age_8-12_vs_5-7,gu2,alpha,ElasticNet,3,alpha_ACtL_OpM,0.0,0.0,False
age_8-12_vs_5-7,gu2,alpha,ElasticNet,3,alpha_ACrL_ACaL,-0.0618266046413931,0.0618266046413931,True
age_8-12_vs_5-7,gu2,alpha,ElasticNet,3,alpha_ACrL_ACtR,-0.2226239831722186,0.2226239831722186,True
age_8-12_vs_5-7,gu2,alpha,ElasticNet,3,alpha_ACrL_ACrR,-0.27581285854180737,0.27581285854180737,True
age_8-12_vs_5-7,gu2,alpha,ElasticNet,3,alpha_ACrL_ACaR,-0.041136648270739457,0.041136648270739457,True
age_8-12_vs_5-7,gu2,alpha,ElasticNet,3,alpha_ACrL_FL,0.0,0.0,False
age_8-12_vs_5-7,gu2,alpha,ElasticNet,3,alpha_ACrL_FR,0.0,0.0,False
age_8-12_vs_5-7,gu2,alpha,ElasticNet,3,alpha_ACrL_PL,0.0,0.0,False
age_8-12_vs_5-7,gu2,alpha,ElasticNet,3,alpha_ACrL_PR,0.0,0.0,False
age_8-12_vs_5-7,gu2,alpha,ElasticNet,3,alpha_ACrL_FpM,0.0,0.0,False
age_8-12_vs_5-7,gu2,alpha,ElasticNet,3,alpha_ACrL_FM,0.0,0.0,False
age_8-12_vs_5-7,gu2,alpha,ElasticNet,3,alpha_ACrL_CM,0.055442903630497226,0.055442903630497226,True
age_8-12_vs_5-7,gu2,alpha,ElasticNet,3,alpha_ACrL_PM,0.6031945717165859,0.6031945717165859,True
age_8-12_vs_5-7,gu2,alpha,ElasticNet,3,alpha_ACrL_OpM,0.6495772664807815,0.6495772664807815,True
age_8-12_vs_5-7,gu2,alpha,ElasticNet,3,alpha_ACaL_ACtR,0.0,0.0,False
age_8-12_vs_5-7,gu2,alpha,ElasticNet,3,alpha_ACaL_ACrR,0.0,0.0,False
age_8-12_vs_5-7,gu2,alpha,ElasticNet,3,alpha_ACaL_ACaR,0.0,0.0,False
age_8-12_vs_5-7,gu2,alpha,ElasticNet,3,alpha_ACaL_FL,0.0,0.0,False
age_8-12_vs_5-7,gu2,alpha,ElasticNet,3,alpha_ACaL_FR,0.0,0.0,False
age_8-12_vs_5-7,gu2,alpha,ElasticNet,3,alpha_ACaL_PL,0.0,0.0,False
age_8-12_vs_5-7,gu2,alpha,ElasticNet,3,alpha_ACaL_PR,0.0,0.0,False
age_8-12_vs_5-7,gu2,alpha,ElasticNet,3,alpha_ACaL_FpM,0.0,0.0,False
age_8-12_vs_5-7,gu2,alpha,ElasticNet,3,alpha_ACaL_FM,0.0,0.0,False
age_8-12_vs_5-7,gu2,alpha,ElasticNet,3,alpha_ACaL_CM,0.0,0.0,False
age_8-12_vs_5-7,gu2,alpha,ElasticNet,3,alpha_ACaL_PM,0.0,0.0,False
age_8-12_vs_5-7,gu2,alpha,ElasticNet,3,alpha_ACaL_OpM,0.0,0.0,False
age_8-12_vs_5-7,gu2,alpha,ElasticNet,3,alpha_ACtR_ACrR,-0.09209470137366912,0.09209470137366912,True
age_8-12_vs_5-7,gu2,alpha,ElasticNet,3,alpha_ACtR_ACaR,-0.30479490454828695,0.30479490454828695,True
age_8-12_vs_5-7,gu2,alpha,ElasticNet,3,alpha_ACtR_FL,-0.4147258161759147,0.4147258161759147,True
age_8-12_vs_5-7,gu2,alpha,ElasticNet,3,alpha_ACtR_FR,0.0,0.0,False
age_8-12_vs_5-7,gu2,alpha,ElasticNet,3,alpha_ACtR_PL,0.0,0.0,False
age_8-12_vs_5-7,gu2,alpha,ElasticNet,3,alpha_ACtR_PR,0.0,0.0,False
age_8-12_vs_5-7,gu2,alpha,ElasticNet,3,alpha_ACtR_FpM,0.0,0.0,False
age_8-12_vs_5-7,gu2,alpha,ElasticNet,3,alpha_ACtR_FM,0.0,0.0,False
age_8-12_vs_5-7,gu2,alpha,ElasticNet,3,alpha_ACtR_CM,0.0,0.0,False
age_8-12_vs_5-7,gu2,alpha,ElasticNet,3,alpha_ACtR_PM,0.0,0.0,False
age_8-12_vs_5-7,gu2,alpha,ElasticNet,3,alpha_ACtR_OpM,0.26253414639452965,0.26253414639452965,True
age_8-12_vs_5-7,gu2,alpha,ElasticNet,3,alpha_ACrR_ACaR,0.0,0.0,False
age_8-12_vs_5-7,gu2,alpha,ElasticNet,3,alpha_ACrR_FL,0.0,0.0,False
age_8-12_vs_5-7,gu2,alpha,ElasticNet,3,alpha_ACrR_FR,0.0,0.0,False
age_8-12_vs_5-7,gu2,alpha,ElasticNet,3,alpha_ACrR_PL,0.029412185915820052,0.029412185915820052,True
age_8-12_vs_5-7,gu2,alpha,ElasticNet,3,alpha_ACrR_PR,0.0,0.0,False
age_8-12_vs_5-7,gu2,alpha,ElasticNet,3,alpha_ACrR_FpM,0.0,0.0,False
age_8-12_vs_5-7,gu2,alpha,ElasticNet,3,alpha_ACrR_FM,0.0,0.0,False
age_8-12_vs_5-7,gu2,alpha,ElasticNet,3,alpha_ACrR_CM,0.0,0.0,False
age_8-12_vs_5-7,gu2,alpha,ElasticNet,3,alpha_ACrR_PM,0.0,0.0,False
age_8-12_vs_5-7,gu2,alpha,ElasticNet,3,alpha_ACrR_OpM,0.0,0.0,False
age_8-12_vs_5-7,gu2,alpha,ElasticNet,3,alpha_ACaR_FL,-0.15722259589650528,0.15722259589650528,True
age_8-12_vs_5-7,gu2,alpha,ElasticNet,3,alpha_ACaR_FR,-0.1100511155641378,0.1100511155641378,True
age_8-12_vs_5-7,gu2,alpha,ElasticNet,3,alpha_ACaR_PL,0.0,0.0,False
age_8-12_vs_5-7,gu2,alpha,ElasticNet,3,alpha_ACaR_PR,0.0,0.0,False
age_8-12_vs_5-7,gu2,alpha,ElasticNet,3,alpha_ACaR_FpM,0.2256418240659075,0.2256418240659075,True
age_8-12_vs_5-7,gu2,alpha,ElasticNet,3,alpha_ACaR_FM,0.0,0.0,False
age_8-12_vs_5-7,gu2,alpha,ElasticNet,3,alpha_ACaR_CM,0.0,0.0,False
age_8-12_vs_5-7,gu2,alpha,ElasticNet,3,alpha_ACaR_PM,0.0,0.0,False
age_8-12_vs_5-7,gu2,alpha,ElasticNet,3,alpha_ACaR_OpM,0.06892023895697652,0.06892023895697652,True
age_8-12_vs_5-7,gu2,alpha,ElasticNet,3,alpha_FL_FR,0.0,0.0,False
age_8-12_vs_5-7,gu2,alpha,ElasticNet,3,alpha_FL_PL,0.0,0.0,False
age_8-12_vs_5-7,gu2,alpha,ElasticNet,3,alpha_FL_PR,0.04736920459594575,0.04736920459594575,True
age_8-12_vs_5-7,gu2,alpha,ElasticNet,3,alpha_FL_FpM,0.0,0.0,False
age_8-12_vs_5-7,gu2,alpha,ElasticNet,3,alpha_FL_FM,0.0,0.0,False
age_8-12_vs_5-7,gu2,alpha,ElasticNet,3,alpha_FL_CM,0.0,0.0,False
age_8-12_vs_5-7,gu2,alpha,ElasticNet,3,alpha_FL_PM,0.0,0.0,False
age_8-12_vs_5-7,gu2,alpha,ElasticNet,3,alpha_FL_OpM,0.0,0.0,False
age_8-12_vs_5-7,gu2,alpha,ElasticNet,3,alpha_FR_PL,0.0,0.0,False
age_8-12_vs_5-7,gu2,alpha,ElasticNet,3,alpha_FR_PR,0.0,0.0,False
age_8-12_vs_5-7,gu2,alpha,ElasticNet,3,alpha_FR_FpM,0.0,0.0,False
age_8-12_vs_5-7,gu2,alpha,ElasticNet,3,alpha_FR_FM,0.0,0.0,False
age_8-12_vs_5-7,gu2,alpha,ElasticNet,3,alpha_FR_CM,0.0,0.0,False
age_8-12_vs_5-7,gu2,alpha,ElasticNet,3,alpha_FR_PM,0.0,0.0,False
age_8-12_vs_5-7,gu2,alpha,ElasticNet,3,alpha_FR_OpM,0.0,0.0,False
age_8-12_vs_5-7,gu2,alpha,ElasticNet,3,alpha_PL_PR,0.0,0.0,False
age_8-12_vs_5-7,gu2,alpha,ElasticNet,3,alpha_PL_FpM,0.3026930110990449,0.3026930110990449,True
age_8-12_vs_5-7,gu2,alpha,ElasticNet,3,alpha_PL_FM,0.21866408148328492,0.21866408148328492,True
age_8-12_vs_5-7,gu2,alpha,ElasticNet,3,alpha_PL_CM,0.0,0.0,False
age_8-12_vs_5-7,gu2,alpha,ElasticNet,3,alpha_PL_PM,0.0,0.0,False
age_8-12_vs_5-7,gu2,alpha,ElasticNet,3,alpha_PL_OpM,0.0,0.0,False
age_8-12_vs_5-7,gu2,alpha,ElasticNet,3,alpha_PR_FpM,0.0,0.0,False
age_8-12_vs_5-7,gu2,alpha,ElasticNet,3,alpha_PR_FM,0.0,0.0,False
age_8-12_vs_5-7,gu2,alpha,ElasticNet,3,alpha_PR_CM,-0.16132751012829172,0.16132751012829172,True
age_8-12_vs_5-7,gu2,alpha,ElasticNet,3,alpha_PR_PM,-0.39850119696789055,0.39850119696789055,True
age_8-12_vs_5-7,gu2,alpha,ElasticNet,3,alpha_PR_OpM,0.0,0.0,False
age_8-12_vs_5-7,gu2,alpha,ElasticNet,3,alpha_FpM_FM,0.0,0.0,False
age_8-12_vs_5-7,gu2,alpha,ElasticNet,3,alpha_FpM_CM,0.0,0.0,False
age_8-12_vs_5-7,gu2,alpha,ElasticNet,3,alpha_FpM_PM,0.0,0.0,False
age_8-12_vs_5-7,gu2,alpha,ElasticNet,3,alpha_FpM_OpM,0.0,0.0,False
age_8-12_vs_5-7,gu2,alpha,ElasticNet,3,alpha_FM_CM,0.0,0.0,False
age_8-12_vs_5-7,gu2,alpha,ElasticNet,3,alpha_FM_PM,-0.18962636012178405,0.18962636012178405,True
age_8-12_vs_5-7,gu2,alpha,ElasticNet,3,alpha_FM_OpM,-0.3948195705305048,0.3948195705305048,True
age_8-12_vs_5-7,gu2,alpha,ElasticNet,3,alpha_CM_PM,0.0,0.0,False
age_8-12_vs_5-7,gu2,alpha,ElasticNet,3,alpha_CM_OpM,0.0,0.0,False
age_8-12_vs_5-7,gu2,alpha,ElasticNet,3,alpha_PM_OpM,0.0,0.0,False
age_8-12_vs_5-7,gu2,alpha,ElasticNet,4,alpha_ACtL_ACrL,0.0,0.0,False
age_8-12_vs_5-7,gu2,alpha,ElasticNet,4,alpha_ACtL_ACaL,0.0,0.0,False
age_8-12_vs_5-7,gu2,alpha,ElasticNet,4,alpha_ACtL_ACtR,0.0,0.0,False
age_8-12_vs_5-7,gu2,alpha,ElasticNet,4,alpha_ACtL_ACrR,0.0,0.0,False
age_8-12_vs_5-7,gu2,alpha,ElasticNet,4,alpha_ACtL_ACaR,0.0,0.0,False
age_8-12_vs_5-7,gu2,alpha,ElasticNet,4,alpha_ACtL_FL,0.016107175616781176,0.016107175616781176,True
age_8-12_vs_5-7,gu2,alpha,ElasticNet,4,alpha_ACtL_FR,0.15722351679391106,0.15722351679391106,True
age_8-12_vs_5-7,gu2,alpha,ElasticNet,4,alpha_ACtL_PL,0.1713249974865554,0.1713249974865554,True
age_8-12_vs_5-7,gu2,alpha,ElasticNet,4,alpha_ACtL_PR,0.0,0.0,False
age_8-12_vs_5-7,gu2,alpha,ElasticNet,4,alpha_ACtL_FpM,0.0,0.0,False
age_8-12_vs_5-7,gu2,alpha,ElasticNet,4,alpha_ACtL_FM,0.0,0.0,False
age_8-12_vs_5-7,gu2,alpha,ElasticNet,4,alpha_ACtL_CM,0.0,0.0,False
age_8-12_vs_5-7,gu2,alpha,ElasticNet,4,alpha_ACtL_PM,0.0,0.0,False
age_8-12_vs_5-7,gu2,alpha,ElasticNet,4,alpha_ACtL_OpM,0.0,0.0,False
age_8-12_vs_5-7,gu2,alpha,ElasticNet,4,alpha_ACrL_ACaL,0.0,0.0,False
age_8-12_vs_5-7,gu2,alpha,ElasticNet,4,alpha_ACrL_ACtR,-0.31664590756909766,0.31664590756909766,True
age_8-12_vs_5-7,gu2,alpha,ElasticNet,4,alpha_ACrL_ACrR,-0.4633323869704368,0.4633323869704368,True
age_8-12_vs_5-7,gu2,alpha,ElasticNet,4,alpha_ACrL_ACaR,-0.06642586324208159,0.06642586324208159,True
age_8-12_vs_5-7,gu2,alpha,ElasticNet,4,alpha_ACrL_FL,0.0,0.0,False
age_8-12_vs_5-7,gu2,alpha,ElasticNet,4,alpha_ACrL_FR,0.0,0.0,False
age_8-12_vs_5-7,gu2,alpha,ElasticNet,4,alpha_ACrL_PL,0.0,0.0,False
age_8-12_vs_5-7,gu2,alpha,ElasticNet,4,alpha_ACrL_PR,0.0,0.0,False
age_8-12_vs_5-7,gu2,alpha,ElasticNet,4,alpha_ACrL_FpM,0.0,0.0,False
age_8-12_vs_5-7,gu2,alpha,ElasticNet,4,alpha_ACrL_FM,0.0,0.0,False
age_8-12_vs_5-7,gu2,alpha,ElasticNet,4,alpha_ACrL_CM,0.02579634792702117,0.02579634792702117,True
age_8-12_vs_5-7,gu2,alpha,ElasticNet,4,alpha_ACrL_PM,0.6161438183397201,0.6161438183397201,True
age_8-12_vs_5-7,gu2,alpha,ElasticNet,4,alpha_ACrL_OpM,0.7149451061782854,0.7149451061782854,True
age_8-12_vs_5-7,gu2,alpha,ElasticNet,4,alpha_ACaL_ACtR,0.0,0.0,False
age_8-12_vs_5-7,gu2,alpha,ElasticNet,4,alpha_ACaL_ACrR,0.0,0.0,False
age_8-12_vs_5-7,gu2,alpha,ElasticNet,4,alpha_ACaL_ACaR,0.0,0.0,False
age_8-12_vs_5-7,gu2,alpha,ElasticNet,4,alpha_ACaL_FL,0.0,0.0,False
age_8-12_vs_5-7,gu2,alpha,ElasticNet,4,alpha_ACaL_FR,0.0,0.0,False
age_8-12_vs_5-7,gu2,alpha,ElasticNet,4,alpha_ACaL_PL,0.0,0.0,False
age_8-12_vs_5-7,gu2,alpha,ElasticNet,4,alpha_ACaL_PR,0.0,0.0,False
age_8-12_vs_5-7,gu2,alpha,ElasticNet,4,alpha_ACaL_FpM,0.0,0.0,False
age_8-12_vs_5-7,gu2,alpha,ElasticNet,4,alpha_ACaL_FM,0.0,0.0,False
age_8-12_vs_5-7,gu2,alpha,ElasticNet,4,alpha_ACaL_CM,0.0,0.0,False
age_8-12_vs_5-7,gu2,alpha,ElasticNet,4,alpha_ACaL_PM,0.0,0.0,False
age_8-12_vs_5-7,gu2,alpha,ElasticNet,4,alpha_ACaL_OpM,0.0,0.0,False
age_8-12_vs_5-7,gu2,alpha,ElasticNet,4,alpha_ACtR_ACrR,-0.1725134048720032,0.1725134048720032,True
age_8-12_vs_5-7,gu2,alpha,ElasticNet,4,alpha_ACtR_ACaR,-0.5163348847925396,0.5163348847925396,True
age_8-12_vs_5-7,gu2,alpha,ElasticNet,4,alpha_ACtR_FL,-0.4214466827838248,0.4214466827838248,True
age_8-12_vs_5-7,gu2,alpha,ElasticNet,4,alpha_ACtR_FR,0.0,0.0,False
age_8-12_vs_5-7,gu2,alpha,ElasticNet,4,alpha_ACtR_PL,0.0,0.0,False
age_8-12_vs_5-7,gu2,alpha,ElasticNet,4,alpha_ACtR_PR,0.09024785696830995,0.09024785696830995,True
age_8-12_vs_5-7,gu2,alpha,ElasticNet,4,alpha_ACtR_FpM,0.03866201624156764,0.03866201624156764,True
age_8-12_vs_5-7,gu2,alpha,ElasticNet,4,alpha_ACtR_FM,0.0,0.0,False
age_8-12_vs_5-7,gu2,alpha,ElasticNet,4,alpha_ACtR_CM,0.0,0.0,False
age_8-12_vs_5-7,gu2,alpha,ElasticNet,4,alpha_ACtR_PM,0.0,0.0,False
age_8-12_vs_5-7,gu2,alpha,ElasticNet,4,alpha_ACtR_OpM,0.28508707901767943,0.28508707901767943,True
age_8-12_vs_5-7,gu2,alpha,ElasticNet,4,alpha_ACrR_ACaR,0.0,0.0,False
age_8-12_vs_5-7,gu2,alpha,ElasticNet,4,alpha_ACrR_FL,0.0,0.0,False
age_8-12_vs_5-7,gu2,alpha,ElasticNet,4,alpha_ACrR_FR,0.0,0.0,False
age_8-12_vs_5-7,gu2,alpha,ElasticNet,4,alpha_ACrR_PL,0.0,0.0,False
age_8-12_vs_5-7,gu2,alpha,ElasticNet,4,alpha_ACrR_PR,0.0,0.0,False
age_8-12_vs_5-7,gu2,alpha,ElasticNet,4,alpha_ACrR_FpM,0.0,0.0,False
age_8-12_vs_5-7,gu2,alpha,ElasticNet,4,alpha_ACrR_FM,0.0,0.0,False
age_8-12_vs_5-7,gu2,alpha,ElasticNet,4,alpha_ACrR_CM,0.0,0.0,False
age_8-12_vs_5-7,gu2,alpha,ElasticNet,4,alpha_ACrR_PM,0.0,0.0,False
age_8-12_vs_5-7,gu2,alpha,ElasticNet,4,alpha_ACrR_OpM,0.0,0.0,False
age_8-12_vs_5-7,gu2,alpha,ElasticNet,4,alpha_ACaR_FL,-0.2635106426373447,0.2635106426373447,True
age_8-12_vs_5-7,gu2,alpha,ElasticNet,4,alpha_ACaR_FR,-0.0641078966217955,0.0641078966217955,True
age_8-12_vs_5-7,gu2,alpha,ElasticNet,4,alpha_ACaR_PL,0.0,0.0,False
age_8-12_vs_5-7,gu2,alpha,ElasticNet,4,alpha_ACaR_PR,0.0,0.0,False
age_8-12_vs_5-7,gu2,alpha,ElasticNet,4,alpha_ACaR_FpM,0.0,0.0,False
age_8-12_vs_5-7,gu2,alpha,ElasticNet,4,alpha_ACaR_FM,0.0,0.0,False
age_8-12_vs_5-7,gu2,alpha,ElasticNet,4,alpha_ACaR_CM,0.0,0.0,False
age_8-12_vs_5-7,gu2,alpha,ElasticNet,4,alpha_ACaR_PM,0.0,0.0,False
age_8-12_vs_5-7,gu2,alpha,ElasticNet,4,alpha_ACaR_OpM,0.0,0.0,False
age_8-12_vs_5-7,gu2,alpha,ElasticNet,4,alpha_FL_FR,0.0,0.0,False
age_8-12_vs_5-7,gu2,alpha,ElasticNet,4,alpha_FL_PL,0.0,0.0,False
age_8-12_vs_5-7,gu2,alpha,ElasticNet,4,alpha_FL_PR,0.0,0.0,False
age_8-12_vs_5-7,gu2,alpha,ElasticNet,4,alpha_FL_FpM,0.0,0.0,False
age_8-12_vs_5-7,gu2,alpha,ElasticNet,4,alpha_FL_FM,0.0,0.0,False
age_8-12_vs_5-7,gu2,alpha,ElasticNet,4,alpha_FL_CM,0.0,0.0,False
age_8-12_vs_5-7,gu2,alpha,ElasticNet,4,alpha_FL_PM,0.0,0.0,False
age_8-12_vs_5-7,gu2,alpha,ElasticNet,4,alpha_FL_OpM,0.0,0.0,False
age_8-12_vs_5-7,gu2,alpha,ElasticNet,4,alpha_FR_PL,0.0,0.0,False
age_8-12_vs_5-7,gu2,alpha,ElasticNet,4,alpha_FR_PR,0.0,0.0,False
age_8-12_vs_5-7,gu2,alpha,ElasticNet,4,alpha_FR_FpM,0.0,0.0,False
age_8-12_vs_5-7,gu2,alpha,ElasticNet,4,alpha_FR_FM,0.0,0.0,False
age_8-12_vs_5-7,gu2,alpha,ElasticNet,4,alpha_FR_CM,0.0,0.0,False
age_8-12_vs_5-7,gu2,alpha,ElasticNet,4,alpha_FR_PM,0.0,0.0,False
age_8-12_vs_5-7,gu2,alpha,ElasticNet,4,alpha_FR_OpM,0.0,0.0,False
age_8-12_vs_5-7,gu2,alpha,ElasticNet,4,alpha_PL_PR,0.0,0.0,False
age_8-12_vs_5-7,gu2,alpha,ElasticNet,4,alpha_PL_FpM,0.24097697298025336,0.24097697298025336,True
age_8-12_vs_5-7,gu2,alpha,ElasticNet,4,alpha_PL_FM,0.10423052107850991,0.10423052107850991,True
age_8-12_vs_5-7,gu2,alpha,ElasticNet,4,alpha_PL_CM,0.0,0.0,False
age_8-12_vs_5-7,gu2,alpha,ElasticNet,4,alpha_PL_PM,0.0,0.0,False
age_8-12_vs_5-7,gu2,alpha,ElasticNet,4,alpha_PL_OpM,0.0,0.0,False
age_8-12_vs_5-7,gu2,alpha,ElasticNet,4,alpha_PR_FpM,-0.09333506887951441,0.09333506887951441,True
age_8-12_vs_5-7,gu2,alpha,ElasticNet,4,alpha_PR_FM,-0.024574155674979,0.024574155674979,True
age_8-12_vs_5-7,gu2,alpha,ElasticNet,4,alpha_PR_CM,-0.016110372255201007,0.016110372255201007,True
age_8-12_vs_5-7,gu2,alpha,ElasticNet,4,alpha_PR_PM,-0.12051296443541887,0.12051296443541887,True
age_8-12_vs_5-7,gu2,alpha,ElasticNet,4,alpha_PR_OpM,0.0,0.0,False
age_8-12_vs_5-7,gu2,alpha,ElasticNet,4,alpha_FpM_FM,0.0,0.0,False
age_8-12_vs_5-7,gu2,alpha,ElasticNet,4,alpha_FpM_CM,0.0,0.0,False
age_8-12_vs_5-7,gu2,alpha,ElasticNet,4,alpha_FpM_PM,0.0,0.0,False
age_8-12_vs_5-7,gu2,alpha,ElasticNet,4,alpha_FpM_OpM,0.0,0.0,False
age_8-12_vs_5-7,gu2,alpha,ElasticNet,4,alpha_FM_CM,0.0,0.0,False
age_8-12_vs_5-7,gu2,alpha,ElasticNet,4,alpha_FM_PM,0.0,0.0,False
age_8-12_vs_5-7,gu2,alpha,ElasticNet,4,alpha_FM_OpM,0.0,0.0,False
age_8-12_vs_5-7,gu2,alpha,ElasticNet,4,alpha_CM_PM,0.0,0.0,False
age_8-12_vs_5-7,gu2,alpha,ElasticNet,4,alpha_CM_OpM,0.0,0.0,False
age_8-12_vs_5-7,gu2,alpha,ElasticNet,4,alpha_PM_OpM,0.0,0.0,False
age_8-12_vs_5-7,gu2,alpha,ElasticNet,5,alpha_ACtL_ACrL,0.2772277562165944,0.2772277562165944,True
age_8-12_vs_5-7,gu2,alpha,ElasticNet,5,alpha_ACtL_ACaL,0.016115496601299965,0.016115496601299965,True
age_8-12_vs_5-7,gu2,alpha,ElasticNet,5,alpha_ACtL_ACtR,0.0,0.0,False
age_8-12_vs_5-7,gu2,alpha,ElasticNet,5,alpha_ACtL_ACrR,0.0,0.0,False
age_8-12_vs_5-7,gu2,alpha,ElasticNet,5,alpha_ACtL_ACaR,0.0,0.0,False
age_8-12_vs_5-7,gu2,alpha,ElasticNet,5,alpha_ACtL_FL,0.0,0.0,False
age_8-12_vs_5-7,gu2,alpha,ElasticNet,5,alpha_ACtL_FR,0.0,0.0,False
age_8-12_vs_5-7,gu2,alpha,ElasticNet,5,alpha_ACtL_PL,0.0,0.0,False
age_8-12_vs_5-7,gu2,alpha,ElasticNet,5,alpha_ACtL_PR,0.0,0.0,False
age_8-12_vs_5-7,gu2,alpha,ElasticNet,5,alpha_ACtL_FpM,0.0,0.0,False
age_8-12_vs_5-7,gu2,alpha,ElasticNet,5,alpha_ACtL_FM,0.0,0.0,False
age_8-12_vs_5-7,gu2,alpha,ElasticNet,5,alpha_ACtL_CM,0.0,0.0,False
age_8-12_vs_5-7,gu2,alpha,ElasticNet,5,alpha_ACtL_PM,0.0,0.0,False
age_8-12_vs_5-7,gu2,alpha,ElasticNet,5,alpha_ACtL_OpM,0.0,0.0,False
age_8-12_vs_5-7,gu2,alpha,ElasticNet,5,alpha_ACrL_ACaL,0.0,0.0,False
age_8-12_vs_5-7,gu2,alpha,ElasticNet,5,alpha_ACrL_ACtR,-0.09476935818776411,0.09476935818776411,True
age_8-12_vs_5-7,gu2,alpha,ElasticNet,5,alpha_ACrL_ACrR,-0.27563543891651987,0.27563543891651987,True
age_8-12_vs_5-7,gu2,alpha,ElasticNet,5,alpha_ACrL_ACaR,-0.11474332321912678,0.11474332321912678,True
age_8-12_vs_5-7,gu2,alpha,ElasticNet,5,alpha_ACrL_FL,0.0,0.0,False
age_8-12_vs_5-7,gu2,alpha,ElasticNet,5,alpha_ACrL_FR,0.0,0.0,False
age_8-12_vs_5-7,gu2,alpha,ElasticNet,5,alpha_ACrL_PL,0.0,0.0,False
age_8-12_vs_5-7,gu2,alpha,ElasticNet,5,alpha_ACrL_PR,0.0,0.0,False
age_8-12_vs_5-7,gu2,alpha,ElasticNet,5,alpha_ACrL_FpM,0.0,0.0,False
age_8-12_vs_5-7,gu2,alpha,ElasticNet,5,alpha_ACrL_FM,0.0,0.0,False
age_8-12_vs_5-7,gu2,alpha,ElasticNet,5,alpha_ACrL_CM,0.05000463208929137,0.05000463208929137,True
age_8-12_vs_5-7,gu2,alpha,ElasticNet,5,alpha_ACrL_PM,0.7479834634134942,0.7479834634134942,True
age_8-12_vs_5-7,gu2,alpha,ElasticNet,5,alpha_ACrL_OpM,0.8925938730115549,0.8925938730115549,True
age_8-12_vs_5-7,gu2,alpha,ElasticNet,5,alpha_ACaL_ACtR,0.0,0.0,False
age_8-12_vs_5-7,gu2,alpha,ElasticNet,5,alpha_ACaL_ACrR,0.0,0.0,False
age_8-12_vs_5-7,gu2,alpha,ElasticNet,5,alpha_ACaL_ACaR,0.0,0.0,False
age_8-12_vs_5-7,gu2,alpha,ElasticNet,5,alpha_ACaL_FL,0.0,0.0,False
age_8-12_vs_5-7,gu2,alpha,ElasticNet,5,alpha_ACaL_FR,0.0,0.0,False
age_8-12_vs_5-7,gu2,alpha,ElasticNet,5,alpha_ACaL_PL,0.0,0.0,False
age_8-12_vs_5-7,gu2,alpha,ElasticNet,5,alpha_ACaL_PR,0.0,0.0,False
age_8-12_vs_5-7,gu2,alpha,ElasticNet,5,alpha_ACaL_FpM,0.0,0.0,False
age_8-12_vs_5-7,gu2,alpha,ElasticNet,5,alpha_ACaL_FM,0.0,0.0,False
age_8-12_vs_5-7,gu2,alpha,ElasticNet,5,alpha_ACaL_CM,0.0,0.0,False
age_8-12_vs_5-7,gu2,alpha,ElasticNet,5,alpha_ACaL_PM,0.0,0.0,False
age_8-12_vs_5-7,gu2,alpha,ElasticNet,5,alpha_ACaL_OpM,0.0,0.0,False
age_8-12_vs_5-7,gu2,alpha,ElasticNet,5,alpha_ACtR_ACrR,-0.11774730646799117,0.11774730646799117,True
age_8-12_vs_5-7,gu2,alpha,ElasticNet,5,alpha_ACtR_ACaR,-0.3389873164641464,0.3389873164641464,True
age_8-12_vs_5-7,gu2,alpha,ElasticNet,5,alpha_ACtR_FL,-0.6504011587582922,0.6504011587582922,True
age_8-12_vs_5-7,gu2,alpha,ElasticNet,5,alpha_ACtR_FR,0.0,0.0,False
age_8-12_vs_5-7,gu2,alpha,ElasticNet,5,alpha_ACtR_PL,0.0,0.0,False
age_8-12_vs_5-7,gu2,alpha,ElasticNet,5,alpha_ACtR_PR,0.046343622547238165,0.046343622547238165,True
age_8-12_vs_5-7,gu2,alpha,ElasticNet,5,alpha_ACtR_FpM,0.06685131182117376,0.06685131182117376,True
age_8-12_vs_5-7,gu2,alpha,ElasticNet,5,alpha_ACtR_FM,0.0,0.0,False
age_8-12_vs_5-7,gu2,alpha,ElasticNet,5,alpha_ACtR_CM,0.0,0.0,False
age_8-12_vs_5-7,gu2,alpha,ElasticNet,5,alpha_ACtR_PM,0.0,0.0,False
age_8-12_vs_5-7,gu2,alpha,ElasticNet,5,alpha_ACtR_OpM,0.45048198135800765,0.45048198135800765,True
age_8-12_vs_5-7,gu2,alpha,ElasticNet,5,alpha_ACrR_ACaR,0.0,0.0,False
age_8-12_vs_5-7,gu2,alpha,ElasticNet,5,alpha_ACrR_FL,0.0,0.0,False
age_8-12_vs_5-7,gu2,alpha,ElasticNet,5,alpha_ACrR_FR,0.0,0.0,False
age_8-12_vs_5-7,gu2,alpha,ElasticNet,5,alpha_ACrR_PL,0.0,0.0,False
age_8-12_vs_5-7,gu2,alpha,ElasticNet,5,alpha_ACrR_PR,0.0,0.0,False
age_8-12_vs_5-7,gu2,alpha,ElasticNet,5,alpha_ACrR_FpM,0.0,0.0,False
age_8-12_vs_5-7,gu2,alpha,ElasticNet,5,alpha_ACrR_FM,-0.0437999378469261,0.0437999378469261,True
age_8-12_vs_5-7,gu2,alpha,ElasticNet,5,alpha_ACrR_CM,0.0,0.0,False
age_8-12_vs_5-7,gu2,alpha,ElasticNet,5,alpha_ACrR_PM,0.0,0.0,False
age_8-12_vs_5-7,gu2,alpha,ElasticNet,5,alpha_ACrR_OpM,0.0,0.0,False
age_8-12_vs_5-7,gu2,alpha,ElasticNet,5,alpha_ACaR_FL,-0.30529829204923503,0.30529829204923503,True
age_8-12_vs_5-7,gu2,alpha,ElasticNet,5,alpha_ACaR_FR,-0.3071570081769653,0.3071570081769653,True
age_8-12_vs_5-7,gu2,alpha,ElasticNet,5,alpha_ACaR_PL,0.0,0.0,False
age_8-12_vs_5-7,gu2,alpha,ElasticNet,5,alpha_ACaR_PR,0.0,0.0,False
age_8-12_vs_5-7,gu2,alpha,ElasticNet,5,alpha_ACaR_FpM,0.16036078807715187,0.16036078807715187,True
age_8-12_vs_5-7,gu2,alpha,ElasticNet,5,alpha_ACaR_FM,0.0,0.0,False
age_8-12_vs_5-7,gu2,alpha,ElasticNet,5,alpha_ACaR_CM,0.0,0.0,False
age_8-12_vs_5-7,gu2,alpha,ElasticNet,5,alpha_ACaR_PM,0.0,0.0,False
age_8-12_vs_5-7,gu2,alpha,ElasticNet,5,alpha_ACaR_OpM,0.0,0.0,False
age_8-12_vs_5-7,gu2,alpha,ElasticNet,5,alpha_FL_FR,0.0,0.0,False
age_8-12_vs_5-7,gu2,alpha,ElasticNet,5,alpha_FL_PL,0.0,0.0,False
age_8-12_vs_5-7,gu2,alpha,ElasticNet,5,alpha_FL_PR,0.0,0.0,False
age_8-12_vs_5-7,gu2,alpha,ElasticNet,5,alpha_FL_FpM,0.0,0.0,False
age_8-12_vs_5-7,gu2,alpha,ElasticNet,5,alpha_FL_FM,0.0,0.0,False
age_8-12_vs_5-7,gu2,alpha,ElasticNet,5,alpha_FL_CM,0.0,0.0,False
age_8-12_vs_5-7,gu2,alpha,ElasticNet,5,alpha_FL_PM,0.0,0.0,False
age_8-12_vs_5-7,gu2,alpha,ElasticNet,5,alpha_FL_OpM,0.0,0.0,False
age_8-12_vs_5-7,gu2,alpha,ElasticNet,5,alpha_FR_PL,0.0,0.0,False
age_8-12_vs_5-7,gu2,alpha,ElasticNet,5,alpha_FR_PR,0.0,0.0,False
age_8-12_vs_5-7,gu2,alpha,ElasticNet,5,alpha_FR_FpM,0.0,0.0,False
age_8-12_vs_5-7,gu2,alpha,ElasticNet,5,alpha_FR_FM,0.0,0.0,False
age_8-12_vs_5-7,gu2,alpha,ElasticNet,5,alpha_FR_CM,0.0,0.0,False
age_8-12_vs_5-7,gu2,alpha,ElasticNet,5,alpha_FR_PM,0.0,0.0,False
age_8-12_vs_5-7,gu2,alpha,ElasticNet,5,alpha_FR_OpM,0.0,0.0,False
age_8-12_vs_5-7,gu2,alpha,ElasticNet,5,alpha_PL_PR,0.0,0.0,False
age_8-12_vs_5-7,gu2,alpha,ElasticNet,5,alpha_PL_FpM,0.0,0.0,False
age_8-12_vs_5-7,gu2,alpha,ElasticNet,5,alpha_PL_FM,0.0,0.0,False
age_8-12_vs_5-7,gu2,alpha,ElasticNet,5,alpha_PL_CM,0.0,0.0,False
age_8-12_vs_5-7,gu2,alpha,ElasticNet,5,alpha_PL_PM,0.0,0.0,False
age_8-12_vs_5-7,gu2,alpha,ElasticNet,5,alpha_PL_OpM,0.0,0.0,False
age_8-12_vs_5-7,gu2,alpha,ElasticNet,5,alpha_PR_FpM,0.0,0.0,False
age_8-12_vs_5-7,gu2,alpha,ElasticNet,5,alpha_PR_FM,0.0,0.0,False
age_8-12_vs_5-7,gu2,alpha,ElasticNet,5,alpha_PR_CM,-0.10589453059511522,0.10589453059511522,True
age_8-12_vs_5-7,gu2,alpha,ElasticNet,5,alpha_PR_PM,-0.3553234316441581,0.3553234316441581,True
age_8-12_vs_5-7,gu2,alpha,ElasticNet,5,alpha_PR_OpM,0.0,0.0,False
age_8-12_vs_5-7,gu2,alpha,ElasticNet,5,alpha_FpM_FM,0.0,0.0,False
age_8-12_vs_5-7,gu2,alpha,ElasticNet,5,alpha_FpM_CM,0.0,0.0,False
age_8-12_vs_5-7,gu2,alpha,ElasticNet,5,alpha_FpM_PM,0.0,0.0,False
age_8-12_vs_5-7,gu2,alpha,ElasticNet,5,alpha_FpM_OpM,0.0,0.0,False
age_8-12_vs_5-7,gu2,alpha,ElasticNet,5,alpha_FM_CM,0.0,0.0,False
age_8-12_vs_5-7,gu2,alpha,ElasticNet,5,alpha_FM_PM,-0.07834500427753599,0.07834500427753599,True
age_8-12_vs_5-7,gu2,alpha,ElasticNet,5,alpha_FM_OpM,-0.16807636019691727,0.16807636019691727,True
age_8-12_vs_5-7,gu2,alpha,ElasticNet,5,alpha_CM_PM,0.0,0.0,False
age_8-12_vs_5-7,gu2,alpha,ElasticNet,5,alpha_CM_OpM,0.0,0.0,False
age_8-12_vs_5-7,gu2,alpha,ElasticNet,5,alpha_PM_OpM,0.0,0.0,False
