task,condition,band,model,feature,survival_count,mean_coefficient,median_coefficient,mean_abs_coefficient,max_abs_coefficient,n_folds,survival_rate,direction,feature_band,channel_1,channel_2,channel_pair
language_C_vs_Others,gu2,alpha,ElasticNet,alpha_ACaR_OpM,5,-0.6626965218848041,-0.6640428639555123,0.6626965218848041,0.8087837456378414,5,1.0,towards_Others,alpha,ACaR,OpM,ACaR-OpM
language_C_vs_Others,gu2,alpha,ElasticNet,alpha_FM_PM,5,0.4700590890628319,0.40847057930448705,0.4700590890628319,0.6179992482791196,5,1.0,towards_C,alpha,FM,PM,FM-PM
language_C_vs_Others,gu2,alpha,ElasticNet,alpha_FM_CM,5,0.46302845791787944,0.4844420741470709,0.46302845791787944,0.7346296627248513,5,1.0,towards_C,alpha,FM,CM,FM-CM
language_C_vs_Others,gu2,alpha,ElasticNet,alpha_PR_CM,5,0.41797975784364694,0.3019355381307629,0.41797975784364694,0.8689613138099301,5,1.0,towards_C,alpha,PR,CM,PR-CM
language_C_vs_Others,gu2,alpha,ElasticNet,alpha_FL_FR,5,-0.4071479779762061,-0.45555263159568715,0.4071479779762061,0.46890302359789937,5,1.0,towards_Others,alpha,FL,FR,FL-FR
language_C_vs_Others,gu2,alpha,ElasticNet,alpha_FM_OpM,5,0.3848191781770448,0.3336185759972241,0.3848191781770448,0.5318818547381876,5,1.0,towards_C,alpha,FM,OpM,FM-OpM
language_C_vs_Others,gu2,alpha,ElasticNet,alpha_ACaR_FL,5,-0.3756219085520068,-0.4137460214330939,0.3756219085520068,0.6029098766740965,5,1.0,towards_Others,alpha,ACaR,FL,ACaR-FL
language_C_vs_Others,gu2,alpha,ElasticNet,alpha_ACaR_PM,5,-0.35145724243039783,-0.4199255856341316,0.35145724243039783,0.6510594320082763,5,1.0,towards_Others,alpha,ACaR,PM,ACaR-PM
language_C_vs_Others,gu2,alpha,ElasticNet,alpha_FR_OpM,5,-0.31914248302525466,-0.35734915850747057,0.31914248302525466,0.5117619598088767,5,1.0,towards_Others,alpha,FR,OpM,FR-OpM
language_C_vs_Others,gu2,alpha,ElasticNet,alpha_ACaR_FR,5,-0.29102800336779855,-0.24122378950291318,0.29102800336779855,0.5125238436491839,5,1.0,towards_Others,alpha,ACaR,FR,ACaR-FR
language_C_vs_Others,gu2,alpha,ElasticNet,alpha_ACtR_PM,5,-0.2349723095555601,-0.27466018262587116,0.2349723095555601,0.3564152618831888,5,1.0,towards_Others,alpha,ACtR,PM,ACtR-PM
language_C_vs_Others,gu2,alpha,ElasticNet,alpha_ACaL_FpM,5,0.15913879937302697,0.13915050346062804,0.15913879937302697,0.31314497109130807,5,1.0,towards_C,alpha,ACaL,FpM,ACaL-FpM
language_C_vs_Others,gu2,alpha,ElasticNet,alpha_ACrR_ACaR,4,-0.36858836542948037,-0.42438924148476276,0.36858836542948037,0.6474354922344243,5,0.8,towards_Others,alpha,ACrR,ACaR,ACrR-ACaR
language_C_vs_Others,gu2,alpha,ElasticNet,alpha_ACaR_PL,4,-0.16892744462411216,-0.19431717590718833,0.16892744462411216,0.2686480277999465,5,0.8,towards_Others,alpha,ACaR,PL,ACaR-PL
language_C_vs_Others,gu2,alpha,ElasticNet,alpha_PR_FM,4,0.14328475878831,0.2154878464083884,0.14328475878831,0.24814959154103122,5,0.8,towards_C,alpha,PR,FM,PR-FM
language_C_vs_Others,gu2,alpha,ElasticNet,alpha_CM_PM,4,0.09126722320233494,0.02191754449057274,0.09126722320233494,0.29457197362077564,5,0.8,towards_C,alpha,CM,PM,CM-PM
language_C_vs_Others,gu2,alpha,ElasticNet,alpha_ACaL_PR,3,0.15828098151376616,0.056394144510640745,0.15828098151376616,0.368018687117204,5,0.6,towards_C,alpha,ACaL,PR,ACaL-PR
language_C_vs_Others,gu2,alpha,ElasticNet,alpha_ACaL_PL,3,0.15315172102370783,0.13271449562730642,0.15315172102370783,0.3322550748147493,5,0.6,towards_C,alpha,ACaL,PL,ACaL-PL
language_C_vs_Others,gu2,alpha,ElasticNet,alpha_FL_PL,3,-0.14724237107559981,-0.06981978160684031,0.14724237107559981,0.3877089597787292,5,0.6,towards_Others,alpha,FL,PL,FL-PL
language_C_vs_Others,gu2,alpha,ElasticNet,alpha_ACtL_ACaL,3,-0.10633088155562476,-0.12213124859791519,0.10633088155562476,0.25745500662378606,5,0.6,towards_Others,alpha,ACtL,ACaL,ACtL-ACaL
language_C_vs_Others,gu2,alpha,ElasticNet,alpha_FR_PL,3,-0.05991567035821961,-0.025417749242252218,0.05991567035821961,0.19394522650491605,5,0.6,towards_Others,alpha,FR,PL,FR-PL
language_C_vs_Others,gu2,alpha,ElasticNet,alpha_ACaL_FR,3,0.05477461212846648,0.03465341725041653,0.05477461212846648,0.1914322706026102,5,0.6,towards_C,alpha,ACaL,FR,ACaL-FR
language_C_vs_Others,gu2,alpha,ElasticNet,alpha_CM_OpM,3,0.05321385138973107,0.03897092858341234,0.05321385138973107,0.17380251422796172,5,0.6,towards_C,alpha,CM,OpM,CM-OpM
language_C_vs_Others,gu2,alpha,ElasticNet,alpha_ACtL_FR,3,0.027208950092705252,0.00833466594658367,0.027208950092705252,0.07177462371657801,5,0.6,towards_C,alpha,ACtL,FR,ACtL-FR
language_C_vs_Others,gu2,alpha,ElasticNet,alpha_ACrR_PR,2,0.0768874479301263,0.0,0.0768874479301263,0.19689420380216419,5,0.4,towards_C,alpha,ACrR,PR,ACrR-PR
language_C_vs_Others,gu2,alpha,ElasticNet,alpha_ACaL_PM,2,0.0680932163277718,0.0,0.0680932163277718,0.2567308470629148,5,0.4,towards_C,alpha,ACaL,PM,ACaL-PM
language_C_vs_Others,gu2,alpha,ElasticNet,alpha_ACtL_PR,2,0.04373873158027968,0.0,0.04373873158027968,0.11285087907017954,5,0.4,towards_C,alpha,ACtL,PR,ACtL-PR
language_C_vs_Others,gu2,alpha,ElasticNet,alpha_ACtR_CM,2,-0.04039649732014826,0.0,0.04039649732014826,0.11717894692586556,5,0.4,towards_Others,alpha,ACtR,CM,ACtR-CM
language_C_vs_Others,gu2,alpha,ElasticNet,alpha_ACrL_ACtR,2,0.03896450953537778,0.0,0.03896450953537778,0.14389637270034447,5,0.4,towards_C,alpha,ACrL,ACtR,ACrL-ACtR
language_C_vs_Others,gu2,alpha,ElasticNet,alpha_FpM_FM,2,0.03748145406289236,0.0,0.03748145406289236,0.10055081066332072,5,0.4,towards_C,alpha,FpM,FM,FpM-FM
language_C_vs_Others,gu2,alpha,ElasticNet,alpha_PM_OpM,2,0.03339944556602866,0.0,0.03339944556602866,0.1031829680427333,5,0.4,towards_C,alpha,PM,OpM,PM-OpM
language_C_vs_Others,gu2,alpha,ElasticNet,alpha_ACrR_FM,2,0.03315207052974897,0.0,0.03315207052974897,0.14892873565954165,5,0.4,towards_C,alpha,ACrR,FM,ACrR-FM
language_C_vs_Others,gu2,alpha,ElasticNet,alpha_ACaL_FM,2,0.02970522440077402,0.0,0.02970522440077402,0.0876685149461887,5,0.4,towards_C,alpha,ACaL,FM,ACaL-FM
language_C_vs_Others,gu2,alpha,ElasticNet,alpha_ACaL_CM,2,0.02490780688276146,0.0,0.02490780688276146,0.09024575015751195,5,0.4,towards_C,alpha,ACaL,CM,ACaL-CM
language_C_vs_Others,gu2,alpha,ElasticNet,alpha_FpM_PM,2,0.018354093579681697,0.0,0.018354093579681697,0.07821976791863604,5,0.4,towards_C,alpha,FpM,PM,FpM-PM
language_C_vs_Others,gu2,alpha,ElasticNet,alpha_ACtL_FL,2,0.01795499833626981,0.0,0.01795499833626981,0.06986701688949361,5,0.4,towards_C,alpha,ACtL,FL,ACtL-FL
language_C_vs_Others,gu2,alpha,ElasticNet,alpha_FR_PR,2,-0.012889720372341507,0.0,0.012889720372341507,0.047611279765177865,5,0.4,towards_Others,alpha,FR,PR,FR-PR
language_C_vs_Others,gu2,alpha,ElasticNet,alpha_PL_PR,1,-0.08574317240327758,0.0,0.08574317240327758,0.42871586201638795,5,0.2,towards_Others,alpha,PL,PR,PL-PR
language_C_vs_Others,gu2,alpha,ElasticNet,alpha_PR_PM,1,0.07222925810282674,0.0,0.07222925810282674,0.36114629051413366,5,0.2,towards_C,alpha,PR,PM,PR-PM
language_C_vs_Others,gu2,alpha,ElasticNet,alpha_FL_OpM,1,-0.04689898504870055,0.0,0.04689898504870055,0.23449492524350274,5,0.2,towards_Others,alpha,FL,OpM,FL-OpM
language_C_vs_Others,gu2,alpha,ElasticNet,alpha_ACrL_PR,1,0.03269423425385022,0.0,0.03269423425385022,0.16347117126925112,5,0.2,towards_C,alpha,ACrL,PR,ACrL-PR
language_C_vs_Others,gu2,alpha,ElasticNet,alpha_ACrR_PM,1,0.02846544925199581,0.0,0.02846544925199581,0.14232724625997906,5,0.2,towards_C,alpha,ACrR,PM,ACrR-PM
language_C_vs_Others,gu2,alpha,ElasticNet,alpha_ACtL_CM,1,0.027299712266923626,0.0,0.027299712266923626,0.13649856133461813,5,0.2,towards_C,alpha,ACtL,CM,ACtL-CM
language_C_vs_Others,gu2,alpha,ElasticNet,alpha_ACrR_CM,1,0.02653253460286294,0.0,0.02653253460286294,0.1326626730143147,5,0.2,towards_C,alpha,ACrR,CM,ACrR-CM
language_C_vs_Others,gu2,alpha,ElasticNet,alpha_ACaL_OpM,1,0.025954210141396032,0.0,0.025954210141396032,0.12977105070698017,5,0.2,towards_C,alpha,ACaL,OpM,ACaL-OpM
language_C_vs_Others,gu2,alpha,ElasticNet,alpha_ACtL_ACaR,1,0.021282595140181847,0.0,0.021282595140181847,0.10641297570090924,5,0.2,towards_C,alpha,ACtL,ACaR,ACtL-ACaR
language_C_vs_Others,gu2,alpha,ElasticNet,alpha_ACtL_FpM,1,0.02025526829021687,0.0,0.02025526829021687,0.10127634145108436,5,0.2,towards_C,alpha,ACtL,FpM,ACtL-FpM
language_C_vs_Others,gu2,alpha,ElasticNet,alpha_ACtL_FM,1,0.01932930748172893,0.0,0.01932930748172893,0.09664653740864466,5,0.2,towards_C,alpha,ACtL,FM,ACtL-FM
language_C_vs_Others,gu2,alpha,ElasticNet,alpha_FR_FM,1,0.013383468013524441,0.0,0.013383468013524441,0.0669173400676222,5,0.2,towards_C,alpha,FR,FM,FR-FM
language_C_vs_Others,gu2,alpha,ElasticNet,alpha_ACrR_FpM,1,0.011511705770523769,0.0,0.011511705770523769,0.05755852885261884,5,0.2,towards_C,alpha,ACrR,FpM,ACrR-FpM
language_C_vs_Others,gu2,alpha,ElasticNet,alpha_ACrR_FL,1,-0.00812851345549645,0.0,0.00812851345549645,0.04064256727748225,5,0.2,towards_Others,alpha,ACrR,FL,ACrR-FL
language_C_vs_Others,gu2,alpha,ElasticNet,alpha_ACtL_ACtR,1,-0.007707007994945942,0.0,0.007707007994945942,0.03853503997472971,5,0.2,towards_Others,alpha,ACtL,ACtR,ACtL-ACtR
language_C_vs_Others,gu2,alpha,ElasticNet,alpha_ACrL_FpM,1,0.0065671817997413435,0.0,0.0065671817997413435,0.03283590899870672,5,0.2,towards_C,alpha,ACrL,FpM,ACrL-FpM
language_C_vs_Others,gu2,alpha,ElasticNet,alpha_ACtR_OpM,1,-0.006539333539791162,0.0,0.006539333539791162,0.03269666769895581,5,0.2,towards_Others,alpha,ACtR,OpM,ACtR-OpM
language_C_vs_Others,gu2,alpha,ElasticNet,alpha_ACtR_FL,1,-0.006147753861047702,0.0,0.006147753861047702,0.030738769305238507,5,0.2,towards_Others,alpha,ACtR,FL,ACtR-FL
language_C_vs_Others,gu2,alpha,ElasticNet,alpha_ACtR_ACaR,1,-0.005530305430951573,0.0,0.005530305430951573,0.027651527154757865,5,0.2,towards_Others,alpha,ACtR,ACaR,ACtR-ACaR
language_C_vs_Others,gu2,alpha,ElasticNet,alpha_ACaL_ACtR,1,-0.002819308431066347,0.0,0.002819308431066347,0.014096542155331735,5,0.2,towards_Others,alpha,ACaL,ACtR,ACaL-ACtR
language_C_vs_Others,gu2,alpha,ElasticNet,alpha_FpM_CM,1,3.2420791844025453e-05,0.0,3.2420791844025453e-05,0.00016210395922012727,5,0.2,towards_C,alpha,FpM,CM,FpM-CM
language_C_vs_Others,gu2,alpha,ElasticNet,alpha_ACaL_ACaR,0,0.0,0.0,0.0,0.0,5,0.0,zero,alpha,ACaL,ACaR,ACaL-ACaR
language_C_vs_Others,gu2,alpha,ElasticNet,alpha_ACaL_ACrR,0,0.0,0.0,0.0,0.0,5,0.0,zero,alpha,ACaL,ACrR,ACaL-ACrR
language_C_vs_Others,gu2,alpha,ElasticNet,alpha_ACaL_FL,0,0.0,0.0,0.0,0.0,5,0.0,zero,alpha,ACaL,FL,ACaL-FL
language_C_vs_Others,gu2,alpha,ElasticNet,alpha_ACaR_CM,0,0.0,0.0,0.0,0.0,5,0.0,zero,alpha,ACaR,CM,ACaR-CM
language_C_vs_Others,gu2,alpha,ElasticNet,alpha_ACaR_FM,0,0.0,0.0,0.0,0.0,5,0.0,zero,alpha,ACaR,FM,ACaR-FM
language_C_vs_Others,gu2,alpha,ElasticNet,alpha_ACaR_FpM,0,0.0,0.0,0.0,0.0,5,0.0,zero,alpha,ACaR,FpM,ACaR-FpM
language_C_vs_Others,gu2,alpha,ElasticNet,alpha_ACaR_PR,0,0.0,0.0,0.0,0.0,5,0.0,zero,alpha,ACaR,PR,ACaR-PR
language_C_vs_Others,gu2,alpha,ElasticNet,alpha_ACrL_ACaL,0,0.0,0.0,0.0,0.0,5,0.0,zero,alpha,ACrL,ACaL,ACrL-ACaL
language_C_vs_Others,gu2,alpha,ElasticNet,alpha_ACrL_ACaR,0,0.0,0.0,0.0,0.0,5,0.0,zero,alpha,ACrL,ACaR,ACrL-ACaR
language_C_vs_Others,gu2,alpha,ElasticNet,alpha_ACrL_ACrR,0,0.0,0.0,0.0,0.0,5,0.0,zero,alpha,ACrL,ACrR,ACrL-ACrR
language_C_vs_Others,gu2,alpha,ElasticNet,alpha_ACrL_CM,0,0.0,0.0,0.0,0.0,5,0.0,zero,alpha,ACrL,CM,ACrL-CM
language_C_vs_Others,gu2,alpha,ElasticNet,alpha_ACrL_FL,0,0.0,0.0,0.0,0.0,5,0.0,zero,alpha,ACrL,FL,ACrL-FL
language_C_vs_Others,gu2,alpha,ElasticNet,alpha_ACrL_FM,0,0.0,0.0,0.0,0.0,5,0.0,zero,alpha,ACrL,FM,ACrL-FM
language_C_vs_Others,gu2,alpha,ElasticNet,alpha_ACrL_FR,0,0.0,0.0,0.0,0.0,5,0.0,zero,alpha,ACrL,FR,ACrL-FR
language_C_vs_Others,gu2,alpha,ElasticNet,alpha_ACrL_OpM,0,0.0,0.0,0.0,0.0,5,0.0,zero,alpha,ACrL,OpM,ACrL-OpM
language_C_vs_Others,gu2,alpha,ElasticNet,alpha_ACrL_PL,0,0.0,0.0,0.0,0.0,5,0.0,zero,alpha,ACrL,PL,ACrL-PL
language_C_vs_Others,gu2,alpha,ElasticNet,alpha_ACrL_PM,0,0.0,0.0,0.0,0.0,5,0.0,zero,alpha,ACrL,PM,ACrL-PM
language_C_vs_Others,gu2,alpha,ElasticNet,alpha_ACrR_FR,0,0.0,0.0,0.0,0.0,5,0.0,zero,alpha,ACrR,FR,ACrR-FR
language_C_vs_Others,gu2,alpha,ElasticNet,alpha_ACrR_OpM,0,0.0,0.0,0.0,0.0,5,0.0,zero,alpha,ACrR,OpM,ACrR-OpM
language_C_vs_Others,gu2,alpha,ElasticNet,alpha_ACrR_PL,0,0.0,0.0,0.0,0.0,5,0.0,zero,alpha,ACrR,PL,ACrR-PL
language_C_vs_Others,gu2,alpha,ElasticNet,alpha_ACtL_ACrL,0,0.0,0.0,0.0,0.0,5,0.0,zero,alpha,ACtL,ACrL,ACtL-ACrL
language_C_vs_Others,gu2,alpha,ElasticNet,alpha_ACtL_ACrR,0,0.0,0.0,0.0,0.0,5,0.0,zero,alpha,ACtL,ACrR,ACtL-ACrR
language_C_vs_Others,gu2,alpha,ElasticNet,alpha_ACtL_OpM,0,0.0,0.0,0.0,0.0,5,0.0,zero,alpha,ACtL,OpM,ACtL-OpM
language_C_vs_Others,gu2,alpha,ElasticNet,alpha_ACtL_PL,0,0.0,0.0,0.0,0.0,5,0.0,zero,alpha,ACtL,PL,ACtL-PL
language_C_vs_Others,gu2,alpha,ElasticNet,alpha_ACtL_PM,0,0.0,0.0,0.0,0.0,5,0.0,zero,alpha,ACtL,PM,ACtL-PM
language_C_vs_Others,gu2,alpha,ElasticNet,alpha_ACtR_ACrR,0,0.0,0.0,0.0,0.0,5,0.0,zero,alpha,ACtR,ACrR,ACtR-ACrR
language_C_vs_Others,gu2,alpha,ElasticNet,alpha_ACtR_FM,0,0.0,0.0,0.0,0.0,5,0.0,zero,alpha,ACtR,FM,ACtR-FM
language_C_vs_Others,gu2,alpha,ElasticNet,alpha_ACtR_FR,0,0.0,0.0,0.0,0.0,5,0.0,zero,alpha,ACtR,FR,ACtR-FR
language_C_vs_Others,gu2,alpha,ElasticNet,alpha_ACtR_FpM,0,0.0,0.0,0.0,0.0,5,0.0,zero,alpha,ACtR,FpM,ACtR-FpM
language_C_vs_Others,gu2,alpha,ElasticNet,alpha_ACtR_PL,0,0.0,0.0,0.0,0.0,5,0.0,zero,alpha,ACtR,PL,ACtR-PL
language_C_vs_Others,gu2,alpha,ElasticNet,alpha_ACtR_PR,0,0.0,0.0,0.0,0.0,5,0.0,zero,alpha,ACtR,PR,ACtR-PR
language_C_vs_Others,gu2,alpha,ElasticNet,alpha_FL_CM,0,0.0,0.0,0.0,0.0,5,0.0,zero,alpha,FL,CM,FL-CM
language_C_vs_Others,gu2,alpha,ElasticNet,alpha_FL_FM,0,0.0,0.0,0.0,0.0,5,0.0,zero,alpha,FL,FM,FL-FM
language_C_vs_Others,gu2,alpha,ElasticNet,alpha_FL_FpM,0,0.0,0.0,0.0,0.0,5,0.0,zero,alpha,FL,FpM,FL-FpM
language_C_vs_Others,gu2,alpha,ElasticNet,alpha_FL_PM,0,0.0,0.0,0.0,0.0,5,0.0,zero,alpha,FL,PM,FL-PM
language_C_vs_Others,gu2,alpha,ElasticNet,alpha_FL_PR,0,0.0,0.0,0.0,0.0,5,0.0,zero,alpha,FL,PR,FL-PR
language_C_vs_Others,gu2,alpha,ElasticNet,alpha_FR_CM,0,0.0,0.0,0.0,0.0,5,0.0,zero,alpha,FR,CM,FR-CM
language_C_vs_Others,gu2,alpha,ElasticNet,alpha_FR_FpM,0,0.0,0.0,0.0,0.0,5,0.0,zero,alpha,FR,FpM,FR-FpM
language_C_vs_Others,gu2,alpha,ElasticNet,alpha_FR_PM,0,0.0,0.0,0.0,0.0,5,0.0,zero,alpha,FR,PM,FR-PM
language_C_vs_Others,gu2,alpha,ElasticNet,alpha_FpM_OpM,0,0.0,0.0,0.0,0.0,5,0.0,zero,alpha,FpM,OpM,FpM-OpM
language_C_vs_Others,gu2,alpha,ElasticNet,alpha_PL_CM,0,0.0,0.0,0.0,0.0,5,0.0,zero,alpha,PL,CM,PL-CM
language_C_vs_Others,gu2,alpha,ElasticNet,alpha_PL_FM,0,0.0,0.0,0.0,0.0,5,0.0,zero,alpha,PL,FM,PL-FM
language_C_vs_Others,gu2,alpha,ElasticNet,alpha_PL_FpM,0,0.0,0.0,0.0,0.0,5,0.0,zero,alpha,PL,FpM,PL-FpM
language_C_vs_Others,gu2,alpha,ElasticNet,alpha_PL_OpM,0,0.0,0.0,0.0,0.0,5,0.0,zero,alpha,PL,OpM,PL-OpM
language_C_vs_Others,gu2,alpha,ElasticNet,alpha_PL_PM,0,0.0,0.0,0.0,0.0,5,0.0,zero,alpha,PL,PM,PL-PM
language_C_vs_Others,gu2,alpha,ElasticNet,alpha_PR_FpM,0,0.0,0.0,0.0,0.0,5,0.0,zero,alpha,PR,FpM,PR-FpM
language_C_vs_Others,gu2,alpha,ElasticNet,alpha_PR_OpM,0,0.0,0.0,0.0,0.0,5,0.0,zero,alpha,PR,OpM,PR-OpM
