participant_id,lang,DOB,date_of_test,language_background,music_background,age,age_group,lang_binary
R16A01y08,S,2014-04-07,2023-03-05,"English, Spanish",yes,8.908966461327857,8-12,Others
R16A02,S,2018-10-14,2024-09-18,"English, Spanish",none,5.930184804928132,5-7,Others
R16A03go7,E,2017-04-30,2024-10-26,English,none,7.490759753593429,Other,Others
R16A04,F,2015-09-23,2024-11-10,"French, Italian, Creole, Spanish, English",none,9.13347022587269,8-12,Others
R16A05er3,E,2016-07-19,2025-02-07,English,none,8.555783709787816,8-12,Others
R16A06y10,S,2017-01-14,2025-10-26,"English, Bulgerian",none,8.780287474332649,8-12,Others
R16BF01,F,2016-01-11,2025-04-06,"English, French",Yes: Piano,9.234770704996578,8-12,Others
R16BF02,F,2016-12-21,2025-04-06,"English, French",Yes: Piano,8.290212183436003,8-12,Others
R16BF04,S,2016-07-05,2025-04-13,"English, Spanish, French",Yes: Piano and Violin,8.772073921971252,8-12,Others
R16BF05,S,2019-10-26,2025-04-13,"English, Spanish, French",No,5.464750171115674,5-7,Others
R16BF06,S,2016-10-17,2025-04-13,"English, Spanish, French",Yes: Piano,8.487337440109513,8-12,Others
R16C03,C,2016-09-20,2023-01-15,Chinese and English,,6.31895961670089,5-7,C
R16C04,C,2009-02-27,2023-01-15,Chinese and English,Yes (Piano for five years),13.880903490759753,Teens,C
R16C05,S,2009-12-22,2023-02-26,"English, Spanish, and Chinese",,13.180013689253936,Teens,Others
R16C05Y16,J,2006-06-23,2023-02-26,"English, Japanese, and Chinese",,16.67898699520876,Teens,Others
R16C06,nan,2012-03-21,2023-04-14,,,11.063655030800822,8-12,Others
R16C07,C,2014-10-10,2023-04-14,Chinese and English,,8.509240246406572,8-12,C
R16C08,C,2014-08-13,2023-04-14,Chinese and English,,8.668035592060233,8-12,C
R16C09,C,2014-09-12,2023-04-15,Chinese and Korean,Yes (Piano for 5 years),8.588637919233403,8-12,C
R16C10,C,2016-07-07,2023-04-15,Chinese and English,Yes (Piano for 2 years),6.770704996577686,5-7,C
R16C11,C,2014-01-22,2023-04-15,Chinese and English,Yes ( Never specified instrument or time),9.22655715263518,8-12,C
R16C12,C,2015-06-03,2023-04-15,Chinese and English,,7.865845311430527,Other,C
R16C13,C,2017-06-23,2023-04-15,Chinese and English,,5.809719370294319,5-7,C
R16C14,C,2016-03-07,2023-04-16,Chinese and English,Yes (Piano for two years),7.107460643394935,Other,C
R16C15,C,2016-03-21,2023-04-16,English and Mandarin,,7.069130732375085,Other,C
R16C16,C,2016-04-04,2023-04-16,English and Chinese,,7.030800821355236,Other,C
R16C17,C,2016-05-12,2023-04-16,English and Chinese,Not specified,6.926762491444216,5-7,C
R16C18,E,2015-07-17,2023-04-23,English and Chinese,,7.767282683093772,Other,Others
R16C19,C,2014-08-08,2023-04-23,English and Chinese,Yes (Recorder and piano for 1 year),8.706365503080082,8-12,C
R16C20,C,2014-03-01,2023-04-23,English and Chinese,Not Specified,9.144421629021219,8-12,C
R16C21,C,2015-07-11,2023-04-23,English and Chinese,Not Specified,7.783709787816564,Other,C
R16C22,C,2012-10-05,2023-04-23,English and Chinese,Yes (Piano for 5 years),10.546201232032855,8-12,C
R16C23,C,2018-03-24,2023-04-23,"English, Mandarin, Korean, Spanish",none,5.08145106091718,5-7,C
R16C24,E,2015-12-11,2023-04-30,"English, Mandarin",Yes: Piano,7.383983572895278,Other,Others
R16C25,C,2018-04-07,2023-04-30,"English, Chinese",none,5.062286105407256,5-7,C
R16C26,C,2012-06-17,2023-04-30,"English, Cantonese",Yes: Piano,10.86652977412731,8-12,C
R16C27,C,2013-11-06,2023-04-30,"English, Mandarin","Yes, Recorder",9.478439425051334,8-12,C
R16C28,C,2016-05-23,2023-04-30,"English, Mandarin",No,6.934976043805612,5-7,C
R16C29,C,2016-06-27,2023-04-30,"English, Chinese",No,6.839151266255989,5-7,C
R16C30,C,2015-12-26,2023-05-27,"English, Mandarin",Yes: Piano,7.416837782340862,Other,C
R16C31,C,2016-04-19,2023-05-07,"English, Mandarin",No,7.047227926078029,Other,C
R16C32,C,2014-06-24,2023-05-27,"English, Mandarin",No,8.922655715263518,8-12,C
R16C33,C,2018-03-05,2023-05-27,"English, Mandarin",No,5.2265571526351815,5-7,C
R16C34,C,,2023-05-29,"English, Chinese",none,,,C
R16C35,C,,2023-05-29,"English, Chinese",none,,,C
R16C36,C,2016-07-11,2023-05-29,"English, Mandarin",none,6.880219028062971,5-7,C
R16C37,C,2016-10-07,2023-05-29,"English, Mandarin",none,6.639288158795345,5-7,C
R16C38,C,2017-05-18,2023-05-29,"English, Mandarin",none,6.028747433264887,5-7,C
R16C39,C,2012-08-11,2023-05-29,"English, Chinese",none,10.795345653661876,8-12,C
R16CJY,nan,2007-02-15,2024-02-23,,,17.021218343600275,Teens,Others
R16CRD,nan,2006-01-12,2024-02-23,,,18.11362080766598,Teens,Others
R16Cteen05,nan,,,,,,,Others
R16Cteen06,nan,,,,,,,Others
R16E01,E,2012-12-01,2023-02-11,English,Yes: Piano,10.195756331279945,8-12,Others
R16E02,E,2016-10-12,2023-02-12,English,none,6.335386721423682,5-7,Others
R16E03,E,2013-08-31,2023-11-12,"English, Hebrew",none,10.198494182067078,8-12,Others
R16E04,E,2013-12-08,2024-02-23,English,No,10.209445585215606,8-12,Others
R16E05,S,2013-01-04,2024-04-27,"English, Swedish","Yes; Piano, voice",11.31006160164271,8-12,Others
R16E06,E,2019-08-12,2024-09-15,English,none,5.0951403148528405,5-7,Others
R16E06Y08,E,2016-08-16,2025-04-12,English,,8.654346338124572,8-12,Others
R16E07,S,2015-06-23,2025-05-02,"English, Taglog, Bisyan",Yes: not specified,9.859000684462696,8-12,Others
R16E08,S,2019-11-22,2025-05-02,"English, Taglog, Bisyan",Yes; Piano,5.4428473648186175,5-7,Others
R16E09,S,2014-05-22,2025-05-09,"English, Spanish",Yes: trumpet,10.965092402464066,8-12,Others
R16E10,E,2016-03-10,2025-08-09,English,none,9.415468856947296,8-12,Others
R16M04,C,2015-03-27,2025-04-18,Chinese and English,yes (Piano and Cello for 3 years),10.061601642710473,8-12,C
R16M05,E,2015-12-11,2025-05-04,English and Mandarin,Yes (Piano for 5 years),9.396303901437372,8-12,Others
R16M06,K,2019-02-28,2025-05-24,English and Korean,,6.234086242299795,5-7,Others
R16M07 ( High frequency in EEG),C,,2025-05-24,"Chinese, Greek, and English",Yes (Viola and Drums for 2 years),,,C
R16M08,C,2015-03-12,2025-05-24,"Chinese, Greek, and English",Yes (Violin for 1 year intensive),10.20123203285421,8-12,C
R16S01 Data Saved As R16EO3YO8B,S,2014-05-07,2023-02-18,"English, Spanish, Polish",,8.785763175906913,8-12,Others
R16S02Y06,S,2016-08-06,2023-03-11,English and Spanish,,6.5927446954141,5-7,Others
R16S03Y10,S,2012-11-11,2023-03-11,English and Spanish,,10.327173169062286,8-12,Others
R16S04Y05,S,2017-10-05,2023-03-11,English and Spanish,,5.429158110882957,5-7,Others
R16S05,S,2015-04-21,2023-11-18,Spanish and Italian,,8.577686516084873,8-12,Others
R16S06Y06,S,2018-06-15,2024-02-03,English and Spanish,,5.637234770704997,5-7,Others
R16S07Y08B,S,2017-08-15,2024-06-22,English and Spanish,Yes (Flute for 7 years),6.852840520191649,5-7,Others
R16S08,S,2013-11-20,2024-06-23,English and Spanish,,10.590006844626968,8-12,Others
R16S09,S,2018-02-09,2024-06-23,English and Spanish,,6.368240930869268,5-7,Others
R16S10Y08,S,2016-10-05,2024-11-09,English and Spanish,,8.095824777549623,8-12,Others
R16S11,S,2015-01-29,2025-03-22,"English,Spanish,French,German",Yes (Piano for two years),10.143737166324435,8-12,Others
R16S12,S,2016-06-19,2025-04-14,"French, Spanish, German",Yes (Piano for 1 year),8.818617385352498,8-12,Others
R16S13,S,2015-12-02,2025-04-26,English and Spanish,,9.399041752224504,8-12,Others
R16S14,S,2020-03-14,2025-05-04,Spanish,,5.138945927446954,5-7,Others
R16U01,S,2019-10-16,2023-10-07,"English, Urdu",none,3.975359342915811,Other,Others
R16X01,R,2015-04-27,2025-09-06,Russian and English,,10.362765229295004,8-12,Others
UNKNOWN ID #,C,,2022-07-24,ENGLISH AND CHINESE,YES ( PIANO FOR 8 YEARS),,,C
