participant_id,gender,age,age_group,age_group_edu,lang,lang_group,file_name
R16M04G10,Female,10,8-12,Elementary,C,C,R16M04g10_info1_250Hz_gu2_AEP.conn
R16C07G9,Female,9,8-12,Elementary,C,C,R16C07g9_info1_250Hz_gu2_AEP.conn
R16C39B10,Male,10,8-12,Elementary,C,C,R16C39b10_info1_250Hz_gu2_AEP.conn
R16C17B6,Male,6,5-7,Elementary,C,C,R16C17b6_info1_250Hz_gu2_AEP.conn
R16M06B06,Male,6,5-7,Elementary,C,C,R16M06b06_info1_250Hz_gu2_AEP.conn
R16C37B6,Male,6,5-7,Elementary,C,C,R16C37b6_info1_250Hz_gu2_AEP.conn
R16C16B07,Male,7,5-7,Elementary,C,C,R16C16b07_info1_250Hz_gu2_AEP.conn
R16C22G10,Female,10,8-12,Elementary,C,C,R16C22g10_info1_250Hz_gu2_AEP.conn
R16C03G5,Female,5,5-7,Elementary,C,C,R16C03g5_info1_250Hz_gu2_AEP.conn
R16C27M9,Male,9,8-12,Elementary,C,C,R16C27m9_info1_250Hz_gu2_AEP.conn
R16C19G8,Female,8,8-12,Elementary,C,C,R16C19g8_info1_250Hz_gu2_AEP.conn
R16C26F10,Female,10,8-12,Elementary,C,C,R16C26f10_info1_250Hz_gu2_AEP.conn
R16C15B07,Male,7,5-7,Elementary,C,C,R16C15b07_info1_250Hz_gu2_AEP.conn
R16C20B9,Male,9,8-12,Elementary,C,C,R16C20b9_info1_250Hz_gu2_AEP.conn
R16C18B7,Male,7,5-7,Elementary,C,C,R16C18b7_info1_250Hz_gu2_AEP.conn
R16MME07GU_F10,Female,10,8-12,Elementary,C,C,R16mme07gu_f10_info1_250Hz_gu2_AEP.conn
R16C32B08,Male,8,8-12,Elementary,C,C,R16C32b08_info1_250Hz_gu2_AEP.conn
R16C06B16,Male,16,Teen,Secondary,C,C,R16C06b16_info1_250Hz_gu2_AEP(1).conn
R16C14B07,Male,7,5-7,Elementary,C,C,R16C14b07_info1_250Hz_gu2_AEP.conn
R16ME08_F10,Female,10,8-12,Elementary,C,C,R16me08_f10_info1_250Hz_gu2_AEP.conn
R16C34B06,Male,6,5-7,Elementary,C,C,R16C34b06_info1_250Hz_gu2_AEP.conn
R16C05B13,Male,13,Teen,Secondary,C,C,R16C05b13_info1_250Hz_gu2_AEP.conn
R16C21G7,Female,7,5-7,Elementary,C,C,R16C21g7_info1_250Hz_gu2_AEP.conn
R16C08G09,Female,9,8-12,Elementary,C,C,R16C08g09_info1_250Hz_gu2_AEP.conn
R16C04B13,Male,13,Teen,Secondary,C,C,R16C04b13_info1_250Hz_gu2_AEP.conn
R16C38G6,Female,6,5-7,Elementary,C,C,R16C38g6_info1_250Hz_gu2_AEP.conn
M01Y09CB,Female,9,8-12,Elementary,C,C,M01y09cb_info1_250Hz_gu2_AEP.conn
R16C33B05,Male,5,5-7,Elementary,C,C,R16C33b05_info1_250Hz_gu2_AEP.conn
R16C23B5,Male,5,5-7,Elementary,C,C,R16C23b5_info1_250Hz_gu2_AEP.conn
R16C30M7,Male,7,5-7,Elementary,C,C,R16C30m7_info1_250Hz_gu2_AEP.conn
R16C09B08,Male,8,8-12,Elementary,C,C,R16C09b08_info1_250Hz_gu2_AEP.conn
R16C31B07,Male,7,5-7,Elementary,C,C,R16C31b07_info1_250Hz_gu2_AEP.conn
R16C35B06,Male,6,5-7,Elementary,C,C,R16C35b06_info1_250Hz_gu2_AEP.conn
R16C28M6,Male,6,5-7,Elementary,C,C,R16C28m6_info1_250Hz_gu2_AEP.conn
R16C29F9,Female,9,8-12,Elementary,C,C,R16C29f9_info1_250Hz_gu2_AEP.conn
R16M08B09,Male,9,8-12,Elementary,C,C,R16M08b09_info1_250Hz_gu2_AEP.conn
R16C36B6,Male,6,5-7,Elementary,C,C,R16C36b6_info1_250Hz_gu2_AEP.conn
R16M09G18,Female,18,Teen,Secondary,C,C,R16M09g18_info1_250Hz_gu2_AEP.conn
R16C11B09,Male,9,8-12,Elementary,C,C,R16C11b09_info1_250Hz_gu2_AEP.conn
R16C24B7,Male,7,5-7,Elementary,C,C,R16C24b7_info1_250Hz_gu2_AEP.conn
R16C25B5,Male,5,5-7,Elementary,C,C,R16C25b5_info1_250Hz_gu2_AEP.conn
R16C12G7,Female,7,5-7,Elementary,C,C,R16C12g7_info1_250Hz_gu2_AEP.conn
CSD499AH10F21,Female,21,Teen,Tertiary,E,NC,CSD499AH10f21_info1_250Hz_gu2_AEP.conn
R16CJTEST_B15,Male,15,Teen,Secondary,C,C,R16CjTest_b15_info1_250Hz_gu2_AEP.conn
R16TEENPVB,Male,16,Teen,Secondary,E,NC,R16teenPvb_info1_250Hz_gu2_AEP.conn
CSD499K07F21,Female,21,Teen,Tertiary,S,NC,CSD499K07f21_info1_250Hz_gu2_AEP.conn
CSD499SL03F20,Female,20,Teen,Tertiary,S,NC,CSD499SL03F20_info1_250Hz_gu2_AEP.conn
R16P02C_G16,Female,16,Teen,Secondary,C,C,R16P02C_g16_info1_250Hz_gu2_AEP.conn
R16JY24B17,Male,17,Teen,Secondary,C,C,R16jy24b17_info1_250Hz_gu2_AEP.conn
CSD499DV04F21,Female,21,Teen,Tertiary,S,NC,CSD499DV04f21_info1_250Hz_gu2_AEP.conn
CSD499E9F21,Female,21,Teen,Tertiary,E,NC,CSD499E9f21_info1_250Hz_gu2_AEP.conn
CSD499B8F21,Female,21,Teen,Tertiary,S,NC,CSD499B8f21_info1_250Hz_gu2_AEP.conn
CSD499LS06F20,Female,20,Teen,Tertiary,S,NC,CSD499LS06f20_info1_250Hz_gu2_AEP.conn
CSD499AB04G21,Female,21,Teen,Tertiary,A,NC,CSD499AB04g21_info1_250Hz_gu2_AEP.conn
CSD499CS02F20,Female,20,Teen,Tertiary,S,NC,CSD499CS02f20_info1_250Hz_gu2_AEP.conn
NIH01C02B19,Male,19,Teen,Tertiary,C,C,NIH01C02b19_info1_250Hz_gu2_AEP.conn
CSD499KK01F21,Female,21,Teen,Tertiary,C,C,CSD499KK01f21_info1_250Hz_gu2_AEP.conn
R16CTEEN06G16,Female,16,Teen,Secondary,C,C,R16Cteen06g16_info1_250Hz_gu2_AEP.conn
NIH01C01B17,Male,17,Teen,Secondary,C,C,NIH01C01b17_info1_250Hz_gu2_AEP.conn
R16TEEN5CB16,Male,16,Teen,Secondary,C,C,R16Teen5Cb16_info1_250Hz_gu2_AEP.conn
MMS08M24,Male,24,Adult,Adult,C,C,mms08m24_250Hz_gu2_AEP.conn
MMS14F25,Female,25,Adult,Adult,C,C,mms14f25_250Hz_gu2_AEP.conn
EES15F31,Female,31,Adult,Adult,E,NC,ees15f31_250Hz_gu2_AEP.conn
EES24F29,Female,29,Adult,Adult,E,NC,EES24F29_250Hz_gu2_AEP.conn
MMS05F36,Female,36,Adult,Adult,C,C,mms05f36_250Hz_gu2_AEP.conn
MMS09F24,Female,24,Adult,Adult,C,C,mms09f24_250Hz_gu2_AEP.conn
EES12F24,Female,24,Adult,Adult,E,NC,ees12f24_250Hz_gu2_AEP.conn
EES13M27,Male,27,Adult,Adult,E,NC,ees13m27_250Hz_gu2_AEP.conn
MMS15M25,Male,25,Adult,Adult,C,C,mms15m25_250Hz_gu2_AEP.conn
MMS11F22,Female,22,Adult,Tertiary,C,C,mms11f22_250Hz_gu2_AEP.conn
MMS17M25,Male,25,Adult,Adult,C,C,mms17m25_250Hz_gu2_AEP.conn
MMS20M28,Male,28,Adult,Adult,C,C,mms20m28_250Hz_gu2_AEP.conn
EES21F20,Female,20,Adult,Tertiary,E,NC,EES21F20_250Hz_gu2_AEP.conn
MMS13F24,Female,24,Adult,Adult,C,C,mms13f24_250Hz_gu2_AEP.conn
EES22M27,Male,27,Adult,Adult,E,NC,EES22M27_250Hz_gu2_AEP.conn
EES10M22,Male,22,Adult,Tertiary,E,NC,EES10M22_250Hz_gu2_AEP.conn
EES14F26,Female,26,Adult,Adult,E,NC,ees14f26_250Hz_gu2_AEP.conn
MMS04F25,Female,25,Adult,Adult,C,C,mms04f25_250Hz_gu2_AEP.conn
EES17F38,Female,38,Adult,Adult,E,NC,EES17F38_250Hz_gu2_AEP.conn
EES20F22,Female,22,Adult,Tertiary,E,NC,ees20f22_250Hz_gu2_AEP.conn
EES19F33,Female,33,Adult,Adult,E,NC,EES19f33_250Hz_gu2_AEP.conn
EES06F24,Female,24,Adult,Adult,E,NC,ees06f24_250Hz_gu2_AEP.conn
MMS19F30,Female,30,Adult,Adult,C,C,mms19f30_250Hz_gu2_AEP.conn
MMS18M36MIX,Male,36,Adult,Adult,C,C,mms18m36mix_250Hz_gu2_AEP.conn
MMS12M23,Male,23,Adult,Adult,C,C,mms12m23_250Hz_gu2_AEP.conn
MMS10F23,Female,23,Adult,Adult,C,C,mms10f23_250Hz_gu2_AEP.conn
EES07M34,Male,34,Adult,Adult,E,NC,ees07m34_250Hz_gu2_AEP.conn
EES09M30MU,Male,30,Adult,Adult,E,NC,EES09m30mu_250Hz_gu2_AEP.conn
MMS16M23,Male,23,Adult,Adult,C,C,mms16m23_250Hz_gu2_AEP.conn
EES23F24,Female,24,Adult,Adult,E,NC,ees23f24_250Hz_gu2_AEP.conn
MMS07F25A,Female,25,Adult,Adult,C,C,mms07f25A_250Hz_gu2_AEP.conn
EES11M35,Male,35,Adult,Adult,E,NC,ees11m35_250Hz_gu2_AEP.conn
EES08M41,Male,41,Adult,Adult,E,NC,ees08m41_250Hz_gu2_AEP.conn
MMS06M22,Male,22,Adult,Tertiary,C,C,mms06m22_250Hz_gu2_AEP.conn
EES16F34,Female,34,Adult,Adult,E,NC,EES16f34_250Hz_gu2_AEP.conn
R16S12G8,Female,8,8-12,Elementary,S,NC,R16S12g8_info1_250Hz_gu2_AEP.conn
R16A06G10,Female,10,8-12,Elementary,A,NC,R16A06g10_info1_250Hz_gu2_AEP.conn
R16E20B4,Male,4,5-7,Elementary,E,NC,R16E20b4_info1_250Hz_gu2_AEP.conn
R16BF06G8,Female,8,8-12,Elementary,S,NC,R16BF06g8_info1_250Hz_gu2_AEP.conn
R16S08G10,Female,10,8-12,Elementary,S,NC,R16S08g10_info1_250Hz_gu2_AEP.conn
R16S07B8,Male,8,8-12,Elementary,S,NC,R16S07b8_info1_250Hz_gu2_AEP.conn
R16S18G10,Female,10,8-12,Elementary,S,NC,R16S18g10_info1_250Hz_gu2_AEP.conn
R16L01SY06,Female,6,5-7,Elementary,S,NC,R16L01sy06_info1_250Hz_gu2_AEP.conn
R16S21B8,Male,8,8-12,Elementary,S,NC,R16S21b8_info1_250Hz_gu2_AEP.conn
R16S19B10,Male,10,8-12,Elementary,S,NC,R16S19b10_info1_250Hz_gu2_AEP.conn
R16A01BY08,Female,8,8-12,Elementary,A,NC,R16A01by08_info1_250Hz_gu2_AEP.conn
R16E09G10,Female,10,8-12,Elementary,E,NC,R16E09g10_info1_250Hz_gu2_AEP.conn
R16S25B8,Male,8,8-12,Elementary,S,NC,R16S25b8_info1_250Hz_gu2_AEP.conn
R16S23G8,Female,8,8-12,Elementary,S,NC,R16S23g8_info1_250Hz_gu2_AEP.conn
R16E15G5,Female,5,5-7,Elementary,E,NC,R16E15g5_info1_250Hz_gu2_AEP.conn
R16E16B7,Male,7,5-7,Elementary,E,NC,R16E16b7_info1_250Hz_gu2_AEP.conn
R16S15B10,Male,10,8-12,Elementary,S,NC,R16S15b10_info1_250Hz_gu2_AEP.conn
R16E08Y05B5,Male,5,5-7,Elementary,E,NC,R16E08y05b5_info1_250Hz_gu2_AEP.conn
R16S16G11,Female,11,8-12,Elementary,S,NC,R16S16g11_info1_250Hz_gu2_AEP.conn
R16S03B10,Male,10,8-12,Elementary,S,NC,R16S03b10_info1_250Hz_gu2_AEP.conn
R16S04G5,Female,5,5-7,Elementary,S,NC,R16S04g5_info1_250Hz_gu2_AEP.conn
R16S17G6,Female,6,5-7,Elementary,S,NC,R16S17g6_info1_250Hz_gu2_AEP.conn
R16S01Y08B,Female,8,8-12,Elementary,S,NC,R16S01y08b_info1_250Hz_gu2_AEP.conn
R16S11B10,Male,10,8-12,Elementary,S,NC,R16S11b10_info1_250Hz_gu2_AEP.conn
R16E06Y08G8,Female,8,8-12,Elementary,E,NC,R16E06y08g8_info1_250Hz_gu2_AEP.conn
R16A04B8,Male,8,8-12,Elementary,A,NC,R16A04b8_info1_250Hz_gu2_AEP.conn
R16E14B10,Male,10,8-12,Elementary,E,NC,R16E14b10_info1_250Hz_gu2_AEP.conn
R16X01S_G10,Female,10,8-12,Elementary,S,NC,R16x01S_g10_info1_250Hz_gu2_AEP.conn
R16BF01B10,Male,10,8-12,Elementary,S,NC,R16BF01b10_info1_250Hz_gu2_AEP.conn
R16S13B9,Male,9,8-12,Elementary,S,NC,R16S13b9_info1_250Hz_gu2_AEP.conn
R16S20G7,Female,7,5-7,Elementary,S,NC,R16S20g7_info1_250Hz_gu2_AEP.conn
R16S06G6,Female,6,5-7,Elementary,S,NC,R16S06g6_info1_250Hz_gu2_AEP.conn
R16E07B9,Male,9,8-12,Elementary,E,NC,R16E07b9_info1_250Hz_gu2_AEP.conn
R16A07B12,Male,12,8-12,Secondary,A,NC,R16A07b12_info1_250Hz_gu2_AEP.conn
R16E04G10,Female,10,8-12,Elementary,E,NC,R16E04g10_info1_250Hz_gu2_AEP.conn
R16E05G10,Female,10,8-12,Elementary,E,NC,R16E05g10_info1_250Hz_gu2_AEP.conn
R16E19B5,Male,5,5-7,Elementary,E,NC,R16E19b5_info1_250Hz_gu2_AEP.conn
R16E01Y10G,Female,10,8-12,Elementary,E,NC,R16E01y10g_info1_250Hz_gu2_AEP.conn
R16S02B_G6,Female,6,5-7,Elementary,S,NC,R16S02b_g6_info1_250Hz_gu2_AEP.conn
R16E12B9,Male,9,8-12,Elementary,E,NC,R16E12b9_info1_250Hz_gu2_AEP.conn
R16BF04G10,Female,10,8-12,Elementary,S,NC,R16BF04g10_info1_250Hz_gu2_AEP.conn
R16S09G6,Female,6,5-7,Elementary,S,NC,R16s09g6_info1_250Hz_gu2_AEP.conn
R16E18G9,Female,9,8-12,Elementary,E,NC,R16E18g9_info1_250Hz_gu2_AEP.conn
R16S14B5,Male,5,5-7,Elementary,S,NC,R16S14b5_info1_250Hz_gu2_AEP.conn
R16E11B5,Male,5,5-7,Elementary,E,NC,R16E11b5_info1_250Hz_gu2_AEP.conn
R16E10G9,Female,9,8-12,Elementary,E,NC,R16E10g9_info1_250Hz_gu2_AEP.conn
R16S22B10,Male,10,8-12,Elementary,S,NC,R16S22b10_info1_250Hz_gu2_AEP.conn
R16A05Y08B,Female,8,8-12,Elementary,A,NC,R16A05y08b_info1_250Hz_gu2_AEP.conn
R16BF05B5,Male,5,5-7,Elementary,S,NC,R16BF05b5_info1_250Hz_gu2_AEP.conn
R16E13B5,Male,5,5-7,Elementary,E,NC,R16E13b5_info1_250Hz_gu2_AEP.conn
R16E17B5,Male,5,5-7,Elementary,E,NC,R16E17b5_info1_250Hz_gu2_AEP.conn
R16A03G07,Female,7,5-7,Elementary,A,NC,R16A03g07_info1_250Hz_gu2_AEP.conn
R16E02Y06B,Female,6,5-7,Elementary,E,NC,R16E02y06b_info1_250Hz_gu2_AEP.conn
R16BF02G9INFO1,Female,9,8-12,Elementary,S,NC,R16BF02g9info1_250Hz_gu2_AEP.conn
R16A02G05B,Female,5,5-7,Elementary,A,NC,R16A02g05b_info1_250Hz_gu2_AEP.conn
