Task,Condition,Feature_Mode,Band,Model,N_Features,AUC_mean,AUC_std,Accuracy_mean,Accuracy_std,Sensitivity_mean,Sensitivity_std,Specificity_mean,Specificity_std,Window
Age_Child_Language,gu1,FC,alpha,Random Forest,15,0.593743107568129,0.0163752222549506,0.2157724329324699,0.0668362627197039,0.234280303030303,0.0634469696969697,0.8830234138861752,0.0087716572173039,400-800ms
Age_Child_Language,gu2,FC,beta,Random Forest,15,0.6125951338168074,0.0179524995380209,0.2146160962072155,0.0407030527289546,0.2157512626262626,0.0356376262626262,0.8867264284282973,0.0052900446010276,600-900ms
Age_Child_Language,gu3,FC,delta,Random Forest,15,0.65057480048573,0.0166420571779867,0.236586493987049,0.0025439407955596,0.3261205808080808,0.0122316919191919,0.8888176814438868,0.0003852242614295,300-600ms
Age_Child_Language_Tonal,gu1,PSD_FC,delta,Random Forest,15,0.6439871933621933,0.0529073561162286,0.3637426900584795,0.0908336051173289,0.3586904761904761,0.0907558335050301,0.7880627705627706,0.0346561671871237,300-600ms
Age_Child_Language_Tonal,gu2,FC,delta,Random Forest,15,0.5987112193362194,0.0667699471339257,0.3327485380116958,0.0748538011695906,0.3235714285714285,0.0430708955190895,0.7780005411255412,0.0227732997394255,300-600ms
Age_Child_Language_Tonal,gu3,FC,delta,Linear SVM,15,0.620574494949495,0.0839005900813578,0.2578947368421053,0.0626686705245324,0.2710714285714285,0.0484767985741632,0.7493208874458875,0.0204834501959432,300-600ms
Age_Group,gu1,PSD_FC,theta,Linear SVM,15,0.7007612506211476,0.0216421075193681,0.3666666666666667,0.1398411797560202,0.3609036796536796,0.1182006160917876,0.7895393054695115,0.042387764934052,300-600ms
Age_Group,gu2,PSD,beta,Elastic Net,15,0.723657381287244,0.0511708728546276,0.4333333333333334,0.0632455532033676,0.4664556277056276,0.0847246161053688,0.8115458290755774,0.0190897416681809,0-800ms
Age_Group,gu3,PSD,beta,Linear SVM,15,0.706886631120384,0.0460543266682884,0.3933333333333333,0.0249443825784929,0.4353084415584415,0.0605273965755329,0.8021805780032324,0.0090893239404377,0-800ms
Language,gu1,PSD,delta,Random Forest,15,0.6188134986540931,0.0614281671163373,0.4,0.0471404520791031,0.3171016483516483,0.0383286066208637,0.7798905741934228,0.0185590459501551,400-800ms
Language,gu2,PSD,theta,Random Forest,15,0.6425881789053833,0.0407369619120748,0.3533333333333333,0.0541602560309064,0.3535027472527472,0.1129549011770426,0.7604724900727635,0.0180181430984909,0-300ms
Language,gu3,FC,alpha,Random Forest,15,0.5987318417042433,0.0593029701411033,0.3733333333333333,0.0533333333333333,0.3174450549450549,0.0912954291947898,0.7776281764579895,0.0184429459390985,400-800ms
Language_Tonal,gu1,PSD,alpha,Linear SVM,15,0.6585427440206851,0.0753088480864309,0.44,0.0611010092660778,0.4364172592113768,0.0563476928482323,0.4364172592113768,0.0563476928482323,0-300ms
Language_Tonal,gu2,FC,delta,Random Forest,15,0.700751454427925,0.0920878224934907,0.6799999999999999,0.07180219742846,0.6767816742081447,0.0825122338225977,0.6767816742081447,0.0825122338225977,400-800ms
Language_Tonal,gu3,PSD,beta,Linear SVM,15,0.6673319327731092,0.0757266481684812,0.3666666666666667,0.1032795558988644,0.3458670006464125,0.0884342013488751,0.3458670006464125,0.0884342013488751,300-600ms
