Task,Condition,Window,Band,Feature_Mode,Model,True_AUC,Permutation_P_Value,Mean_Null_AUC,Max_Null_AUC
Age_Child_Language,gu1,400-800ms,alpha,FC,Random Forest,0.593743107568129,0.00999000999000999,0.5020661150856242,0.6311918802730874
Age_Child_Language,gu2,600-900ms,beta,FC,Random Forest,0.6125951338168074,0.003996003996003996,0.4969370623619664,0.6533724911964043
Age_Child_Language,gu3,300-600ms,delta,FC,Random Forest,0.65057480048573,0.001998001998001998,0.49898370705676115,0.6518807360217543
Age_Child_Language_Tonal,gu1,300-600ms,delta,PSD_FC,Random Forest,0.6439871933621933,0.000999000999000999,0.5002718623933762,0.6256482147926656
Age_Child_Language_Tonal,gu2,300-600ms,delta,FC,Random Forest,0.5987112193362194,0.004995004995004995,0.4994057844548324,0.623515785889041
Age_Child_Language_Tonal,gu3,300-600ms,delta,FC,Linear SVM,0.620574494949495,0.008991008991008992,0.49904986740537616,0.6628187597955905
Age_Group,gu1,300-600ms,theta,PSD_FC,Linear SVM,0.7007612506211476,0.000999000999000999,0.49841938607976477,0.6539290726245531
Language,gu3,400-800ms,alpha,FC,Random Forest,0.5987318417042433,0.030969030969030968,0.5002673508529817,0.6532394260289275
Language_Tonal,gu2,400-800ms,delta,FC,Random Forest,0.700751454427925,0.000999000999000999,0.5003762359292352,0.6305555272657675
