Task,Condition,Feature_Mode,Band,Model,N_Features,AUC_mean,AUC_std,Accuracy_mean,Accuracy_std,Sensitivity_mean,Sensitivity_std,Specificity_mean,Specificity_std
Age_Child_Language,gu1,PSD_FC,delta,Linear SVM,15,0.5406703172411882,0.017101083150959984,0.1614246068455134,0.012488436632747457,0.15124684343434344,0.04221906565656566,0.8765331633521728,0.0028650851330461746
Age_Child_Language,gu2,FC,beta,Random Forest,15,0.5553391460709709,0.001594391480781443,0.15032377428307123,0.019888991674375578,0.15320391414141415,0.03360164141414142,0.8774803112441557,0.005064920865029854
Age_Child_Language,gu3,PSD_FC,beta,Linear SVM,15,0.61759971619058,0.07619797832145087,0.02127659574468085,0.02127659574468085,0.025,0.025,0.8652207469762311,0.0005478293141830681
Age_Child_Language_Tonal,gu1,PSD,alpha,Linear SVM,15,0.6054049422799423,0.08459768148836651,0.2578947368421053,0.08515551648780068,0.2777380952380953,0.08766028403345152,0.7595183982683983,0.02538884920416531
Age_Child_Language_Tonal,gu2,PSD,beta,Random Forest,15,0.5372132034632034,0.08845119125276539,0.3005847953216374,0.10748786180947867,0.28988095238095235,0.11959102170169518,0.7684415584415585,0.03641285835825482
Age_Child_Language_Tonal,gu3,PSD_FC,beta,Random Forest,15,0.5819530122655123,0.07096050047185799,0.31286549707602335,0.047220185352482694,0.32261904761904764,0.058248237251071755,0.7693858225108225,0.018870448875774687
Age_Group,gu1,FC,delta,Linear SVM,15,0.6851228940480657,0.04730317493307905,0.33333333333333337,0.10540925533894598,0.32372474747474744,0.09301018508449722,0.7729518624015193,0.035053380321630453
Age_Group,gu2,PSD,beta,Elastic Net,15,0.723657381287244,0.0511708728546276,0.4333333333333334,0.0632455532033676,0.46645562770562765,0.08472461610536887,0.8115458290755774,0.019089741668180994
Age_Group,gu3,FC,beta,Linear SVM,15,0.706886631120384,0.04605432666828842,0.39333333333333337,0.02494438257849296,0.43530844155844156,0.06052739657553297,0.8021805780032324,0.009089323940437703
Language,gu1,PSD_FC,highbeta,Random Forest,15,0.5462338375697413,0.10271007821748968,0.3333333333333333,0.11737877907772674,0.3270604395604396,0.14232131521837219,0.7543801568944328,0.04126269201582685
Language,gu2,FC,highbeta,Elastic Net,15,0.6058801685350543,0.04547844857279803,0.2533333333333333,0.04521553322083511,0.35254120879120876,0.10669142711904261,0.7496765058074477,0.023030237421092597
Language,gu3,FC,highbeta,Elastic Net,15,0.56415013270749,0.07820565732643248,0.26,0.08,0.3268543956043956,0.125579692236291,0.7609140008395343,0.02764036533900972
Language_Tonal,gu1,PSD_FC,delta,Linear SVM,15,0.6372091144149967,0.05715174410830099,0.4066666666666666,0.053333333333333344,0.4053773432449903,0.0535599475491097,0.4053773432449903,0.0535599475491097
Language_Tonal,gu2,PSD_FC,delta,Random Forest,15,0.560853668390433,0.09752734365995872,0.5333333333333334,0.05577733510227169,0.5287168713639302,0.053915590649506406,0.5287168713639302,0.053915590649506406
Language_Tonal,gu3,FC,highbeta,Linear SVM,15,0.6010827407886231,0.09585759839414298,0.41999999999999993,0.05811865258054233,0.41856011635423407,0.0691549810082564,0.41856011635423407,0.0691549810082564
