Task,feature,descriptor,condition,window,band,feature_mode,target_class,survival_count,survival_rate,mean_coefficient,mean_abs_coefficient,direction
Age_Child_Language,alpha_ACrL_ACaL,ACrL-ACaL,gu1,400-800ms,alpha,FC,5-7_A,2,1.0,0.6669858979624692,1.192964596787694,towards_5-7_A
Age_Child_Language,alpha_ACrL_ACtR,ACrL-ACtR,gu1,400-800ms,alpha,FC,5-7_A,2,1.0,-0.48365551970869125,0.8130411820193769,towards_others
Age_Child_Language,alpha_ACtL_ACaR,ACtL-ACaR,gu1,400-800ms,alpha,FC,5-7_A,2,1.0,-0.5940458696179302,0.5940458696179302,towards_others
Age_Child_Language,alpha_ACrL_ACtR,ACrL-ACtR,gu1,400-800ms,alpha,FC,8-12_A,2,1.0,-0.4643004748118319,0.4643004748118319,towards_others
Age_Child_Language,alpha_ACrL_ACaR,ACrL-ACaR,gu1,400-800ms,alpha,FC,8-12_A,2,1.0,0.2693939229323048,0.2693939229323048,towards_8-12_A
Age_Child_Language,alpha_ACtL_ACrL,ACtL-ACrL,gu1,400-800ms,alpha,FC,8-12_C,2,1.0,0.19263674547515883,0.19263674547515883,towards_8-12_C
Age_Child_Language,alpha_ACtL_ACrL,ACtL-ACrL,gu1,400-800ms,alpha,FC,8-12_S,2,1.0,0.184827728630766,0.32505651066718644,towards_8-12_S
Age_Child_Language,beta_ACtL_ACrL,ACtL-ACrL,gu2,600-900ms,beta,FC,5-7_A,2,1.0,-0.627728816939676,0.627728816939676,towards_others
Age_Child_Language,beta_ACaL_ACtR,ACaL-ACtR,gu2,600-900ms,beta,FC,5-7_A,2,1.0,-0.5974463157987027,0.5974463157987027,towards_others
Age_Child_Language,beta_ACtR_ACaR,ACtR-ACaR,gu2,600-900ms,beta,FC,5-7_A,2,1.0,-0.2132255451627666,0.487637853225361,towards_others
Age_Child_Language,beta_ACaL_ACrR,ACaL-ACrR,gu2,600-900ms,beta,FC,5-7_A,2,1.0,-0.2657457529502041,0.2657457529502041,towards_others
Age_Child_Language,beta_ACtR_ACrR,ACtR-ACrR,gu2,600-900ms,beta,FC,5-7_C,2,1.0,-0.001901838769450436,0.01118187400099821,towards_others
Age_Child_Language,beta_ACrR_ACaR,ACrR-ACaR,gu2,600-900ms,beta,FC,5-7_E,2,1.0,0.19856067797235083,0.19856067797235083,towards_5-7_E
Age_Child_Language,beta_ACaL_ACtR,ACaL-ACtR,gu2,600-900ms,beta,FC,5-7_E,2,1.0,0.13986694399501226,0.13986694399501226,towards_5-7_E
Age_Child_Language,beta_ACtR_ACaR,ACtR-ACaR,gu2,600-900ms,beta,FC,5-7_E,2,1.0,-0.09876672929810673,0.12940098910866973,towards_others
Age_Child_Language,beta_ACaL_ACaR,ACaL-ACaR,gu2,600-900ms,beta,FC,5-7_E,2,1.0,0.08261308932497305,0.08261308932497305,towards_5-7_E
Age_Child_Language,beta_ACaL_ACrR,ACaL-ACrR,gu2,600-900ms,beta,FC,5-7_E,2,1.0,0.04775706537702061,0.04775706537702061,towards_5-7_E
Age_Child_Language,beta_ACrR_ACaR,ACrR-ACaR,gu2,600-900ms,beta,FC,5-7_S,2,1.0,-0.3915285309057087,0.3915285309057087,towards_others
Age_Child_Language,beta_ACaL_ACrR,ACaL-ACrR,gu2,600-900ms,beta,FC,5-7_S,2,1.0,-0.08643424873032604,0.13111462945380556,towards_others
Age_Child_Language,beta_ACrL_ACaR,ACrL-ACaR,gu2,600-900ms,beta,FC,5-7_S,2,1.0,0.12602770595338753,0.12602770595338753,towards_5-7_S
Age_Child_Language,beta_ACaL_ACaR,ACaL-ACaR,gu2,600-900ms,beta,FC,5-7_S,2,1.0,-0.03678643862835869,0.12353175262884149,towards_others
Age_Child_Language,beta_ACaL_ACtR,ACaL-ACtR,gu2,600-900ms,beta,FC,5-7_S,2,1.0,-0.040193717366653746,0.07998134374032334,towards_others
Age_Child_Language,beta_ACtR_ACaR,ACtR-ACaR,gu2,600-900ms,beta,FC,8-12_A,2,1.0,0.36328570666754356,0.36328570666754356,towards_8-12_A
Age_Child_Language,beta_ACtL_ACaL,ACtL-ACaL,gu2,600-900ms,beta,FC,8-12_C,2,1.0,0.11367262388987992,0.11367262388987992,towards_8-12_C
Age_Child_Language,beta_ACrL_ACaL,ACrL-ACaL,gu2,600-900ms,beta,FC,8-12_C,2,1.0,0.11060972043355476,0.11214237600389436,towards_8-12_C
Age_Child_Language,beta_ACrR_ACaR,ACrR-ACaR,gu2,600-900ms,beta,FC,8-12_E,2,1.0,0.16803936510130713,0.16803936510130713,towards_8-12_E
Age_Child_Language,beta_ACaL_ACrR,ACaL-ACrR,gu2,600-900ms,beta,FC,8-12_E,2,1.0,0.01723447897784764,0.01723447897784764,towards_8-12_E
Age_Child_Language,beta_ACrR_ACaR,ACrR-ACaR,gu2,600-900ms,beta,FC,8-12_S,2,1.0,-0.06320145005665008,0.08486109368291271,towards_others
Age_Child_Language,beta_ACaL_ACaR,ACaL-ACaR,gu2,600-900ms,beta,FC,8-12_S,2,1.0,0.010434126255435768,0.01489500327121843,towards_8-12_S
Age_Child_Language,delta_ACtR_ACaR,ACtR-ACaR,gu3,300-600ms,delta,FC,5-7_A,2,1.0,-0.5038436395130433,0.5038436395130433,towards_others
Age_Child_Language,delta_ACrL_ACaL,ACrL-ACaL,gu3,300-600ms,delta,FC,5-7_A,2,1.0,0.23812527332430455,0.23812527332430455,towards_5-7_A
Age_Child_Language,delta_ACtL_ACrL,ACtL-ACrL,gu3,300-600ms,delta,FC,5-7_A,2,1.0,0.14437760403923489,0.14437760403923489,towards_5-7_A
Age_Child_Language,delta_ACrL_ACaR,ACrL-ACaR,gu3,300-600ms,delta,FC,5-7_E,2,1.0,0.34911663720505814,0.34911663720505814,towards_5-7_E
Age_Child_Language,delta_ACrL_ACrR,ACrL-ACrR,gu3,300-600ms,delta,FC,5-7_E,2,1.0,0.2583503035353342,0.2583503035353342,towards_5-7_E
Age_Child_Language,delta_ACtR_ACaR,ACtR-ACaR,gu3,300-600ms,delta,FC,5-7_S,2,1.0,0.22847833998767664,0.22847833998767664,towards_5-7_S
Age_Child_Language,delta_ACtR_ACrR,ACtR-ACrR,gu3,300-600ms,delta,FC,8-12_C,2,1.0,0.11861157661343655,0.18627402886481367,towards_8-12_C
Age_Child_Language_Tonal,delta_ACrL_ACaR,ACrL-ACaR,gu1,300-600ms,delta,PSD_FC,5-7_C,4,0.8,-0.3575650779750906,0.3575650779750906,towards_others
Age_Child_Language_Tonal,delta_ACtR_ACaR,ACtR-ACaR,gu1,300-600ms,delta,PSD_FC,5-7_C,4,0.8,-0.3559150565759556,0.3559150565759556,towards_others
Age_Child_Language_Tonal,delta_ACrR_ACaR,ACrR-ACaR,gu1,300-600ms,delta,PSD_FC,5-7_C,4,0.8,0.34031987825011223,0.34031987825011223,towards_5-7_C
Age_Child_Language_Tonal,delta_ACtL_ACaR,ACtL-ACaR,gu1,300-600ms,delta,PSD_FC,5-7_NC,5,1.0,-0.4259757702297696,0.4259757702297696,towards_others
Age_Child_Language_Tonal,delta_ACrL_ACaL,ACrL-ACaL,gu1,300-600ms,delta,PSD_FC,5-7_NC,5,1.0,0.41861995469212615,0.41861995469212615,towards_5-7_NC
Age_Child_Language_Tonal,delta_ACtL_ACrR,ACtL-ACrR,gu1,300-600ms,delta,PSD_FC,5-7_NC,5,1.0,-0.284664331359192,0.284664331359192,towards_others
Age_Child_Language_Tonal,delta_ACrR_ACaR,ACrR-ACaR,gu1,300-600ms,delta,PSD_FC,5-7_NC,5,1.0,0.19568707647107025,0.19568707647107025,towards_5-7_NC
Age_Child_Language_Tonal,delta_ACaL_ACaR,ACaL-ACaR,gu1,300-600ms,delta,PSD_FC,5-7_NC,4,0.8,0.1450699837971213,0.1450699837971213,towards_5-7_NC
Age_Child_Language_Tonal,delta_ACrR_ACaR,ACrR-ACaR,gu1,300-600ms,delta,PSD_FC,8-12_C,5,1.0,-0.7909768027197002,0.7909768027197002,towards_others
Age_Child_Language_Tonal,delta_ACtR_ACaR,ACtR-ACaR,gu1,300-600ms,delta,PSD_FC,8-12_C,5,1.0,0.4815593164804105,0.4815593164804105,towards_8-12_C
Age_Child_Language_Tonal,delta_ACtR_ACrR,ACtR-ACrR,gu1,300-600ms,delta,PSD_FC,8-12_C,4,0.8,0.24723628848099555,0.24723628848099555,towards_8-12_C
Age_Child_Language_Tonal,delta_ACtL_ACrR,ACtL-ACrR,gu1,300-600ms,delta,PSD_FC,8-12_NC,4,0.8,0.35890883266158324,0.35890883266158324,towards_8-12_NC
Age_Child_Language_Tonal,delta_ACtR_ACrR,ACtR-ACrR,gu1,300-600ms,delta,PSD_FC,8-12_NC,4,0.8,-0.15953311665435527,0.15953311665435527,towards_others
Age_Child_Language_Tonal,delta_ACtL_ACaR,ACtL-ACaR,gu1,300-600ms,delta,PSD_FC,8-12_NC,4,0.8,0.11088450175037663,0.11088450175037663,towards_8-12_NC
Age_Child_Language_Tonal,delta_ACtL_ACrL,ACtL-ACrL,gu2,300-600ms,delta,FC,5-7_C,5,1.0,-0.3565638550955877,0.3565638550955877,towards_others
Age_Child_Language_Tonal,delta_ACtR_ACrR,ACtR-ACrR,gu2,300-600ms,delta,FC,5-7_C,5,1.0,-0.3499254720727348,0.3499254720727348,towards_others
Age_Child_Language_Tonal,delta_ACtL_ACtR,ACtL-ACtR,gu2,300-600ms,delta,FC,5-7_C,5,1.0,0.15542954770803144,0.15542954770803144,towards_5-7_C
Age_Child_Language_Tonal,delta_ACaL_ACrR,ACaL-ACrR,gu2,300-600ms,delta,FC,5-7_C,4,0.8,0.05533242799777129,0.05533242799777129,towards_5-7_C
Age_Child_Language_Tonal,delta_ACtR_ACaR,ACtR-ACaR,gu2,300-600ms,delta,FC,5-7_NC,5,1.0,0.5411664087143697,0.5411664087143697,towards_5-7_NC
Age_Child_Language_Tonal,delta_ACaL_ACrR,ACaL-ACrR,gu2,300-600ms,delta,FC,5-7_NC,5,1.0,-0.5121708038439737,0.5121708038439737,towards_others
Age_Child_Language_Tonal,delta_ACtR_ACrR,ACtR-ACrR,gu2,300-600ms,delta,FC,5-7_NC,4,0.8,0.4905976136869402,0.4905976136869402,towards_5-7_NC
Age_Child_Language_Tonal,delta_ACtL_ACtR,ACtL-ACtR,gu2,300-600ms,delta,FC,5-7_NC,4,0.8,-0.46970933801764636,0.46970933801764636,towards_others
Age_Child_Language_Tonal,delta_ACtL_ACrL,ACtL-ACrL,gu2,300-600ms,delta,FC,5-7_NC,5,1.0,0.3490666552567844,0.3490666552567844,towards_5-7_NC
Age_Child_Language_Tonal,delta_ACtL_ACaR,ACtL-ACaR,gu2,300-600ms,delta,FC,8-12_C,5,1.0,0.8436329223167587,0.8436329223167587,towards_8-12_C
Age_Child_Language_Tonal,delta_ACrL_ACaR,ACrL-ACaR,gu2,300-600ms,delta,FC,8-12_C,5,1.0,-0.6825514079471457,0.6825514079471457,towards_others
Age_Child_Language_Tonal,delta_ACrL_ACrR,ACrL-ACrR,gu2,300-600ms,delta,FC,8-12_C,5,1.0,-0.5873027915101272,0.5873027915101272,towards_others
Age_Child_Language_Tonal,delta_ACtL_ACrR,ACtL-ACrR,gu2,300-600ms,delta,FC,8-12_C,4,0.8,0.3849024684611872,0.3849024684611872,towards_8-12_C
Age_Child_Language_Tonal,delta_ACaL_ACaR,ACaL-ACaR,gu2,300-600ms,delta,FC,8-12_C,5,1.0,0.2774452682308966,0.2774452682308966,towards_8-12_C
Age_Child_Language_Tonal,delta_ACtR_ACaR,ACtR-ACaR,gu2,300-600ms,delta,FC,8-12_C,4,0.8,-0.11407268895925422,0.11407268895925422,towards_others
Age_Child_Language_Tonal,delta_ACaL_ACaR,ACaL-ACaR,gu2,300-600ms,delta,FC,8-12_NC,5,1.0,-0.3939294584298513,0.3939294584298513,towards_others
Age_Child_Language_Tonal,delta_ACrR_ACaR,ACrR-ACaR,gu3,300-600ms,delta,FC,5-7_C,4,0.8,-0.40722305426672045,0.40722305426672045,towards_others
Age_Child_Language_Tonal,delta_ACrR_ACaR,ACrR-ACaR,gu3,300-600ms,delta,FC,5-7_NC,5,1.0,0.19211529711726347,0.19211529711726347,towards_5-7_NC
Age_Child_Language_Tonal,delta_ACtL_ACaR,ACtL-ACaR,gu3,300-600ms,delta,FC,5-7_NC,4,0.8,-0.1383274521653479,0.1383274521653479,towards_others
Age_Child_Language_Tonal,delta_ACtL_ACaR,ACtL-ACaR,gu3,300-600ms,delta,FC,8-12_C,5,1.0,0.10015103111507032,0.10015103111507032,towards_8-12_C
Age_Group,theta_ACtL_ACrL,ACtL-ACrL,gu1,300-600ms,theta,PSD_FC,5-7,5,1.0,0.2968648706043683,0.2968648706043683,towards_5-7
Age_Group,theta_ACrL_ACrR,ACrL-ACrR,gu1,300-600ms,theta,PSD_FC,8-12,5,1.0,0.17165736705103884,0.17165736705103884,towards_8-12
Age_Group,theta_ACrL_ACaR,ACrL-ACaR,gu1,300-600ms,theta,PSD_FC,8-12,4,0.8,0.16209620252716803,0.16209620252716803,towards_8-12
Age_Group,theta_ACtR_ACaR,ACtR-ACaR,gu1,300-600ms,theta,PSD_FC,Adult,5,1.0,-0.7248482488457471,0.7248482488457471,towards_others
Age_Group,theta_ACtL_ACaL,ACtL-ACaL,gu1,300-600ms,theta,PSD_FC,Adult,4,0.8,-0.20879312845641937,0.20879312845641937,towards_others
Age_Group,theta_ACaL_ACtR,ACaL-ACtR,gu1,300-600ms,theta,PSD_FC,Adult,4,0.8,-0.10368318889585168,0.10368318889585168,towards_others
Age_Group,theta_ACrR_ACaR,ACrR-ACaR,gu1,300-600ms,theta,PSD_FC,Adult,4,0.8,-0.07837661708185764,0.07837661708185764,towards_others
Age_Group,theta_ACrL_ACaL,ACrL-ACaL,gu1,300-600ms,theta,PSD_FC,Teen,5,1.0,0.9101364876052045,0.9101364876052045,towards_Teen
Age_Group,theta_ACaL_ACaR,ACaL-ACaR,gu1,300-600ms,theta,PSD_FC,Teen,4,0.8,-0.7172787639163362,0.7172787639163362,towards_others
Age_Group,theta_ACrL_ACrR,ACrL-ACrR,gu1,300-600ms,theta,PSD_FC,Teen,4,0.8,-0.31528789649339634,0.31528789649339634,towards_others
Age_Group,theta_ACtR_ACrR,ACtR-ACrR,gu1,300-600ms,theta,PSD_FC,Teen,4,0.8,0.26137834979161456,0.26137834979161456,towards_Teen
Age_Group,theta_ACtL_ACrL,ACtL-ACrL,gu1,300-600ms,theta,PSD_FC,Teen,5,1.0,-0.116525919330326,0.116525919330326,towards_others
Age_Group,beta_ACrL_ACaR,ACrL-ACaR,gu2,0-800ms,beta,PSD,5-7,5,1.0,0.621296513493413,0.621296513493413,towards_5-7
Age_Group,beta_ACrR_ACaR,ACrR-ACaR,gu2,0-800ms,beta,PSD,8-12,4,0.8,0.2478766518575636,0.2478766518575636,towards_8-12
Age_Group,beta_ACtL_ACaL,ACtL-ACaL,gu2,0-800ms,beta,PSD,8-12,5,1.0,0.1626659796849961,0.1626659796849961,towards_8-12
Age_Group,beta_ACtL_ACrL,ACtL-ACrL,gu2,0-800ms,beta,PSD,8-12,4,0.8,0.14687997757084553,0.14687997757084553,towards_8-12
Age_Group,beta_ACrL_ACaR,ACrL-ACaR,gu2,0-800ms,beta,PSD,Adult,4,0.8,-0.31307387863439634,0.31307387863439634,towards_others
Age_Group,beta_ACtL_ACrL,ACtL-ACrL,gu2,0-800ms,beta,PSD,Adult,4,0.8,-0.28713522240283273,0.28713522240283273,towards_others
Age_Group,beta_ACrR_ACaR,ACrR-ACaR,gu2,0-800ms,beta,PSD,Adult,5,1.0,-0.25415698415662585,0.25415698415662585,towards_others
Age_Group,beta_ACtL_ACaR,ACtL-ACaR,gu2,0-800ms,beta,PSD,Adult,5,1.0,-0.1932372738996306,0.1932372738996306,towards_others
Age_Group,beta_ACaL_ACrR,ACaL-ACrR,gu2,0-800ms,beta,PSD,Teen,5,1.0,-0.42783082214739165,0.42783082214739165,towards_others
Age_Group,beta_ACtL_ACaR,ACtL-ACaR,gu2,0-800ms,beta,PSD,Teen,4,0.8,0.24269110241235053,0.24269110241235053,towards_Teen
Age_Group,beta_ACtL_ACrL,ACtL-ACrL,gu3,0-800ms,beta,PSD,8-12,4,0.8,0.16520602556522518,0.16520602556522518,towards_8-12
Age_Group,beta_ACtR_ACrR,ACtR-ACrR,gu3,0-800ms,beta,PSD,Adult,5,1.0,-0.6073244006801343,0.6073244006801343,towards_others
Age_Group,beta_ACtR_ACaR,ACtR-ACaR,gu3,0-800ms,beta,PSD,Adult,5,1.0,-0.4339494629632009,0.4339494629632009,towards_others
Age_Group,beta_ACtL_ACaL,ACtL-ACaL,gu3,0-800ms,beta,PSD,Teen,5,1.0,-0.24710050440186365,0.24710050440186365,towards_others
Age_Group,beta_ACtL_ACtR,ACtL-ACtR,gu3,0-800ms,beta,PSD,Teen,4,0.8,-0.14048298106182935,0.14048298106182935,towards_others
Age_Group,beta_ACtR_ACaR,ACtR-ACaR,gu3,0-800ms,beta,PSD,Teen,4,0.8,0.10446253505070109,0.10446253505070109,towards_Teen
Age_Group,beta_ACtL_ACrL,ACtL-ACrL,gu3,0-800ms,beta,PSD,Teen,5,1.0,-0.09337127975934009,0.09337127975934009,towards_others
Age_Group,beta_ACaL_ACrR,ACaL-ACrR,gu3,0-800ms,beta,PSD,Teen,4,0.8,-0.0885443852080964,0.0885443852080964,towards_others
Language,delta_ACrL_ACaL,ACrL-ACaL,gu1,400-800ms,delta,PSD,A,5,1.0,-1.6469519343958638,1.6469519343958638,towards_others
Language,delta_ACtR_ACaR,ACtR-ACaR,gu1,400-800ms,delta,PSD,A,5,1.0,0.5208852138502909,0.5594915505408005,towards_A
Language,delta_ACrL_ACtR,ACrL-ACtR,gu1,400-800ms,delta,PSD,A,4,0.8,-0.4488741562565398,0.4488741562565398,towards_others
Language,delta_ACaL_ACtR,ACaL-ACtR,gu1,400-800ms,delta,PSD,A,4,0.8,0.42614825406019463,0.42614825406019463,towards_A
Language,delta_ACtL_ACaR,ACtL-ACaR,gu1,400-800ms,delta,PSD,C,5,1.0,-0.18166000061894555,0.18166000061894555,towards_others
Language,delta_ACrL_ACaL,ACrL-ACaL,gu1,400-800ms,delta,PSD,E,5,1.0,0.5495740229047618,0.5495740229047618,towards_E
Language,delta_ACrL_ACaR,ACrL-ACaR,gu1,400-800ms,delta,PSD,E,5,1.0,-0.42713914849744344,0.42713914849744344,towards_others
Language,delta_ACtR_ACrR,ACtR-ACrR,gu1,400-800ms,delta,PSD,E,4,0.8,-0.37182823928379205,0.37182823928379205,towards_others
Language,delta_ACrR_ACaR,ACrR-ACaR,gu1,400-800ms,delta,PSD,E,5,1.0,0.3502862553214033,0.3502862553214033,towards_E
Language,delta_ACrL_ACtR,ACrL-ACtR,gu1,400-800ms,delta,PSD,E,4,0.8,0.20290838254636318,0.20290838254636318,towards_E
Language,delta_ACtL_ACrL,ACtL-ACrL,gu1,400-800ms,delta,PSD,E,4,0.8,-0.18095664432575018,0.18095664432575018,towards_others
Language,delta_ACtL_ACrL,ACtL-ACrL,gu1,400-800ms,delta,PSD,S,4,0.8,0.1757114685058647,0.1757114685058647,towards_S
Language,delta_ACtR_ACaR,ACtR-ACaR,gu1,400-800ms,delta,PSD,S,4,0.8,-0.17187910821112307,0.17187910821112307,towards_others
Language,theta_ACtL_ACrR,ACtL-ACrR,gu2,0-300ms,theta,PSD,A,5,1.0,-1.6967320226915141,1.6967320226915141,towards_others
Language,theta_ACtR_ACrR,ACtR-ACrR,gu2,0-300ms,theta,PSD,A,5,1.0,1.5175071789615138,1.5175071789615138,towards_A
Language,theta_ACrL_ACaL,ACrL-ACaL,gu2,0-300ms,theta,PSD,A,5,1.0,0.7136631957402558,0.7136631957402558,towards_A
Language,theta_ACaL_ACtR,ACaL-ACtR,gu2,0-300ms,theta,PSD,A,4,0.8,-0.26876032251098736,0.26876032251098736,towards_others
Language,theta_ACtL_ACaR,ACtL-ACaR,gu2,0-300ms,theta,PSD,A,4,0.8,-0.19453886457125846,0.25000221360461106,towards_others
Language,theta_ACtL_ACrR,ACtL-ACrR,gu2,0-300ms,theta,PSD,C,4,0.8,0.29444414809414987,0.29444414809414987,towards_C
Language,theta_ACrL_ACaL,ACrL-ACaL,gu2,0-300ms,theta,PSD,C,4,0.8,-0.10831680049963319,0.10831680049963319,towards_others
Language,theta_ACaL_ACaR,ACaL-ACaR,gu2,0-300ms,theta,PSD,E,5,1.0,0.3980157862341619,0.3980157862341619,towards_E
Language,theta_ACtL_ACaR,ACtL-ACaR,gu2,0-300ms,theta,PSD,E,4,0.8,-0.33625513243584393,0.33625513243584393,towards_others
Language,theta_ACtL_ACaL,ACtL-ACaL,gu2,0-300ms,theta,PSD,E,5,1.0,-0.19903808014582242,0.19903808014582242,towards_others
Language,theta_ACtL_ACaR,ACtL-ACaR,gu2,0-300ms,theta,PSD,S,5,1.0,0.6392888660896101,0.6392888660896101,towards_S
Language,theta_ACaL_ACaR,ACaL-ACaR,gu2,0-300ms,theta,PSD,S,5,1.0,-0.4454303961481293,0.4454303961481293,towards_others
Language,theta_ACtL_ACaL,ACtL-ACaL,gu2,0-300ms,theta,PSD,S,4,0.8,0.2541755268766323,0.2541755268766323,towards_S
Language,theta_ACtR_ACrR,ACtR-ACrR,gu2,0-300ms,theta,PSD,S,4,0.8,-0.15914468427508463,0.15914468427508463,towards_others
Language,alpha_ACtL_ACaL,ACtL-ACaL,gu3,400-800ms,alpha,FC,A,5,1.0,0.9589172409354967,0.9589172409354967,towards_A
Language,alpha_ACrL_ACrR,ACrL-ACrR,gu3,400-800ms,alpha,FC,A,5,1.0,-0.6804670965650035,0.6804670965650035,towards_others
Language,alpha_ACaL_ACtR,ACaL-ACtR,gu3,400-800ms,alpha,FC,A,4,0.8,0.6647866695626066,0.6647866695626066,towards_A
Language,alpha_ACtL_ACaR,ACtL-ACaR,gu3,400-800ms,alpha,FC,A,4,0.8,-0.4160100803029536,0.4160100803029536,towards_others
Language,alpha_ACtR_ACaR,ACtR-ACaR,gu3,400-800ms,alpha,FC,A,4,0.8,-0.4126140014539441,0.4126140014539441,towards_others
Language,alpha_ACrL_ACtR,ACrL-ACtR,gu3,400-800ms,alpha,FC,A,5,1.0,-0.4086445802759563,0.4086445802759563,towards_others
Language,alpha_ACaL_ACrR,ACaL-ACrR,gu3,400-800ms,alpha,FC,A,4,0.8,0.35921850726686466,0.35921850726686466,towards_A
Language,alpha_ACtL_ACrL,ACtL-ACrL,gu3,400-800ms,alpha,FC,A,4,0.8,0.30326373033209764,0.30326373033209764,towards_A
Language,alpha_ACrR_ACaR,ACrR-ACaR,gu3,400-800ms,alpha,FC,A,4,0.8,-0.20164382694039812,0.25127688155510053,towards_others
Language,alpha_ACtR_ACaR,ACtR-ACaR,gu3,400-800ms,alpha,FC,C,5,1.0,0.3323917526847416,0.3323917526847416,towards_C
Language,alpha_ACtL_ACaR,ACtL-ACaR,gu3,400-800ms,alpha,FC,E,4,0.8,0.2638060845366734,0.2638060845366734,towards_E
Language,alpha_ACrL_ACrR,ACrL-ACrR,gu3,400-800ms,alpha,FC,S,4,0.8,0.21725838600188646,0.21725838600188646,towards_S
Language,alpha_ACaL_ACtR,ACaL-ACtR,gu3,400-800ms,alpha,FC,S,4,0.8,-0.12974172145784407,0.12974172145784407,towards_others
Language_Tonal,alpha_ACrR_ACaR,ACrR-ACaR,gu1,0-300ms,alpha,PSD,NC_vs_C,5,1.0,0.19633720333421453,0.22848225627063345,towards_NC_vs_C
Language_Tonal,alpha_ACtL_ACaL,ACtL-ACaL,gu1,0-300ms,alpha,PSD,NC_vs_C,4,0.8,-0.19044148834518132,0.19044148834518132,towards_others
Language_Tonal,alpha_ACrL_ACaL,ACrL-ACaL,gu1,0-300ms,alpha,PSD,NC_vs_C,4,0.8,-0.03835937424254373,0.13796442348223675,towards_others
Language_Tonal,delta_ACtL_ACrL,ACtL-ACrL,gu2,400-800ms,delta,FC,NC_vs_C,5,1.0,0.6876526252854226,0.6876526252854226,towards_NC_vs_C
Language_Tonal,delta_ACaL_ACaR,ACaL-ACaR,gu2,400-800ms,delta,FC,NC_vs_C,5,1.0,-0.37096538576384386,0.37096538576384386,towards_others
Language_Tonal,delta_ACtR_ACaR,ACtR-ACaR,gu2,400-800ms,delta,FC,NC_vs_C,4,0.8,-0.273912091279217,0.273912091279217,towards_others
Language_Tonal,delta_ACrL_ACaR,ACrL-ACaR,gu2,400-800ms,delta,FC,NC_vs_C,4,0.8,-0.19571300620126517,0.19571300620126517,towards_others
Language_Tonal,delta_ACrR_ACaR,ACrR-ACaR,gu2,400-800ms,delta,FC,NC_vs_C,4,0.8,-0.056075772962930336,0.056075772962930336,towards_others
Language_Tonal,beta_ACtL_ACrL,ACtL-ACrL,gu3,300-600ms,beta,PSD,NC_vs_C,4,0.8,-0.25051276316169807,0.25051276316169807,towards_others
Language_Tonal,beta_ACtR_ACaR,ACtR-ACaR,gu3,300-600ms,beta,PSD,NC_vs_C,5,1.0,0.17151600239939083,0.17151600239939083,towards_NC_vs_C
Language_Tonal,beta_ACtL_ACaL,ACtL-ACaL,gu3,300-600ms,beta,PSD,NC_vs_C,4,0.8,-0.15478330311374347,0.15478330311374347,towards_others
