permutation_index,permutation_auc
1,0.41833333333333333
2,0.4883333333333333
3,0.3966666666666666
4,0.6816666666666666
5,0.475
6,0.65
7,0.6133333333333333
8,0.6816666666666666
9,0.51
10,0.45499999999999996
11,0.6183333333333333
12,0.595
13,0.5866666666666667
14,0.5783333333333334
15,0.46833333333333327
16,0.5666666666666667
17,0.44666666666666666
18,0.285
19,0.33666666666666667
20,0.5516666666666666
21,0.51
22,0.5366666666666666
23,0.5966666666666667
24,0.6183333333333334
25,0.5683333333333332
26,0.3966666666666667
27,0.4583333333333333
28,0.45
29,0.55
30,0.6833333333333333
31,0.5683333333333334
32,0.465
33,0.4733333333333333
34,0.36
35,0.5483333333333333
36,0.41666666666666663
37,0.6533333333333333
38,0.5549999999999999
39,0.5716666666666667
40,0.5900000000000001
41,0.5966666666666667
42,0.45499999999999996
43,0.6066666666666667
44,0.41166666666666674
45,0.51
46,0.6266666666666667
47,0.4416666666666667
48,0.385
49,0.6416666666666666
50,0.445
51,0.25666666666666665
52,0.6016666666666667
53,0.3883333333333333
54,0.465
55,0.45166666666666666
56,0.6116666666666667
57,0.5466666666666666
58,0.4033333333333333
59,0.6900000000000001
60,0.43
61,0.4666666666666667
62,0.45499999999999996
63,0.4616666666666667
64,0.365
65,0.6183333333333334
66,0.45666666666666667
67,0.33833333333333326
68,0.5683333333333334
69,0.3183333333333333
70,0.4833333333333333
71,0.35
72,0.5650000000000001
73,0.24333333333333332
74,0.5900000000000001
75,0.6066666666666667
76,0.43499999999999994
77,0.5516666666666665
78,0.32333333333333336
79,0.3866666666666666
80,0.30333333333333334
81,0.4483333333333334
82,0.525
83,0.4033333333333333
84,0.5233333333333332
85,0.52
86,0.45999999999999996
87,0.5966666666666667
88,0.36333333333333334
89,0.4083333333333333
90,0.59
91,0.5516666666666666
92,0.5366666666666667
93,0.5666666666666667
94,0.655
95,0.3683333333333333
96,0.49000000000000005
97,0.19999999999999998
98,0.5650000000000001
99,0.4066666666666666
100,0.6733333333333333
101,0.36666666666666664
102,0.6883333333333332
103,0.68
104,0.5233333333333332
105,0.39333333333333326
106,0.6066666666666667
107,0.465
108,0.35
109,0.5383333333333333
110,0.2716666666666666
111,0.4583333333333333
112,0.5283333333333334
113,0.4983333333333334
114,0.565
115,0.525
116,0.5216666666666667
117,0.5349999999999999
118,0.5116666666666667
119,0.45666666666666667
120,0.49000000000000005
121,0.45166666666666666
122,0.41666666666666663
123,0.4766666666666667
124,0.5016666666666667
125,0.5049999999999999
126,0.7300000000000001
127,0.5933333333333334
128,0.6216666666666667
129,0.72
130,0.5850000000000001
131,0.38833333333333336
132,0.31500000000000006
133,0.5866666666666667
134,0.44000000000000006
135,0.6333333333333334
136,0.6433333333333333
137,0.45666666666666667
138,0.625
139,0.585
140,0.5066666666666666
141,0.5083333333333333
142,0.6133333333333333
143,0.595
144,0.4916666666666667
145,0.2933333333333333
146,0.7
147,0.43166666666666664
148,0.4883333333333333
149,0.5499999999999999
150,0.32999999999999996
151,0.475
152,0.485
153,0.3566666666666666
154,0.44333333333333336
155,0.475
156,0.5516666666666666
157,0.4533333333333333
158,0.5033333333333333
159,0.42000000000000004
160,0.4766666666666667
161,0.6283333333333333
162,0.3516666666666667
163,0.4033333333333333
164,0.6016666666666666
165,0.5316666666666666
166,0.46333333333333326
167,0.33666666666666667
168,0.39333333333333337
169,0.41833333333333333
170,0.48166666666666663
171,0.5716666666666667
172,0.625
173,0.65
174,0.37499999999999994
175,0.5883333333333334
176,0.3433333333333334
177,0.5333333333333333
178,0.6033333333333333
179,0.45666666666666667
180,0.52
181,0.42833333333333334
182,0.5900000000000001
183,0.5133333333333333
184,0.46833333333333327
185,0.5133333333333333
186,0.5466666666666666
187,0.31666666666666665
188,0.5766666666666668
189,0.5116666666666667
190,0.5983333333333334
191,0.6833333333333333
192,0.59
193,0.5416666666666666
194,0.6183333333333334
195,0.5599999999999999
196,0.3766666666666666
197,0.7183333333333334
198,0.3716666666666666
199,0.24333333333333332
200,0.38499999999999995
201,0.6933333333333334
202,0.5683333333333332
203,0.4666666666666666
204,0.475
205,0.6599999999999999
206,0.385
207,0.5783333333333334
208,0.7183333333333334
209,0.6366666666666667
210,0.635
211,0.41833333333333333
212,0.5733333333333334
213,0.47333333333333333
214,0.5333333333333334
215,0.4716666666666667
216,0.5383333333333333
217,0.495
218,0.4183333333333333
219,0.665
220,0.45833333333333337
221,0.5816666666666667
222,0.495
223,0.42000000000000004
224,0.6583333333333333
225,0.38499999999999995
226,0.495
227,0.475
228,0.64
229,0.47833333333333333
230,0.5716666666666667
231,0.48666666666666664
232,0.3866666666666666
233,0.6233333333333333
234,0.6116666666666667
235,0.5716666666666667
236,0.5549999999999999
237,0.5766666666666667
238,0.5433333333333333
239,0.5416666666666667
240,0.5083333333333333
241,0.5483333333333333
242,0.4916666666666667
243,0.5266666666666666
244,0.40499999999999997
245,0.565
246,0.5433333333333333
247,0.505
248,0.4033333333333333
249,0.41
250,0.5199999999999999
251,0.45666666666666667
252,0.6166666666666666
253,0.4583333333333333
254,0.3983333333333333
255,0.4333333333333333
256,0.5399999999999999
257,0.23500000000000001
258,0.6016666666666667
259,0.45166666666666666
260,0.4533333333333333
261,0.5283333333333333
262,0.6733333333333333
263,0.5449999999999999
264,0.5483333333333333
265,0.5183333333333333
266,0.36
267,0.3483333333333333
268,0.5266666666666666
269,0.565
270,0.6416666666666666
271,0.5833333333333334
272,0.44833333333333336
273,0.40166666666666667
274,0.365
275,0.46333333333333326
276,0.5316666666666666
277,0.5416666666666666
278,0.4149999999999999
279,0.5650000000000001
280,0.3783333333333333
281,0.5666666666666667
282,0.42833333333333334
283,0.5549999999999999
284,0.5599999999999999
285,0.5316666666666666
286,0.575
287,0.47833333333333333
288,0.5633333333333334
289,0.4533333333333333
290,0.3716666666666667
291,0.4749999999999999
292,0.3883333333333333
293,0.5516666666666665
294,0.3766666666666666
295,0.3
296,0.42333333333333334
297,0.4583333333333333
298,0.76
299,0.665
300,0.5966666666666667
301,0.52
302,0.3616666666666667
303,0.5166666666666666
304,0.45
305,0.3783333333333333
306,0.6066666666666667
307,0.54
308,0.46333333333333326
309,0.6799999999999999
310,0.7316666666666667
311,0.4050000000000001
312,0.7216666666666666
313,0.51
314,0.5483333333333333
315,0.5316666666666666
316,0.5566666666666666
317,0.7699999999999999
318,0.5083333333333333
319,0.3833333333333333
320,0.6816666666666668
321,0.5583333333333333
322,0.5183333333333333
323,0.4083333333333333
324,0.3666666666666666
325,0.40499999999999997
326,0.36499999999999994
327,0.5216666666666667
328,0.61
329,0.40166666666666667
330,0.725
331,0.38499999999999995
332,0.5449999999999999
333,0.49000000000000005
334,0.5
335,0.655
336,0.77
337,0.565
338,0.5333333333333333
339,0.5416666666666667
340,0.54
341,0.5016666666666667
342,0.63
343,0.45666666666666667
344,0.5966666666666666
345,0.43166666666666664
346,0.5983333333333333
347,0.4533333333333333
348,0.44333333333333325
349,0.55
350,0.4366666666666667
351,0.6033333333333333
352,0.5566666666666666
353,0.53
354,0.44833333333333325
355,0.6083333333333334
356,0.5416666666666667
357,0.5333333333333334
358,0.6849999999999999
359,0.47833333333333333
360,0.5683333333333332
361,0.35333333333333333
362,0.5783333333333334
363,0.675
364,0.395
365,0.45
366,0.495
367,0.41666666666666663
368,0.39499999999999996
369,0.5516666666666665
370,0.58
371,0.6266666666666667
372,0.3883333333333333
373,0.5599999999999999
374,0.5533333333333333
375,0.45
376,0.5833333333333333
377,0.4133333333333333
378,0.49333333333333335
379,0.4483333333333334
380,0.5766666666666667
381,0.5650000000000001
382,0.43499999999999994
383,0.49833333333333335
384,0.4883333333333333
385,0.39999999999999997
386,0.43833333333333335
387,0.5033333333333333
388,0.5983333333333334
389,0.5683333333333334
390,0.5783333333333334
391,0.31166666666666665
392,0.615
393,0.645
394,0.525
395,0.45999999999999996
396,0.47833333333333333
397,0.6216666666666667
398,0.5866666666666667
399,0.33166666666666667
400,0.46333333333333326
401,0.47833333333333333
402,0.615
403,0.35666666666666663
404,0.5933333333333334
405,0.41
406,0.5133333333333333
407,0.5349999999999999
408,0.5083333333333333
409,0.6749999999999999
410,0.44333333333333325
411,0.6
412,0.4883333333333334
413,0.29333333333333333
414,0.3949999999999999
415,0.5666666666666667
416,0.4883333333333333
417,0.5866666666666667
418,0.575
419,0.3683333333333333
420,0.26666666666666666
421,0.62
422,0.45166666666666666
423,0.48
424,0.505
425,0.6933333333333334
426,0.5349999999999999
427,0.51
428,0.6549999999999999
429,0.44833333333333336
430,0.51
431,0.6933333333333334
432,0.5233333333333333
433,0.5116666666666667
434,0.47333333333333333
435,0.40333333333333343
436,0.53
437,0.45
438,0.5466666666666666
439,0.6483333333333332
440,0.6099999999999999
441,0.4533333333333333
442,0.5
443,0.5183333333333333
444,0.3833333333333333
445,0.49833333333333335
446,0.33999999999999997
447,0.4833333333333333
448,0.42333333333333334
449,0.5633333333333332
450,0.6716666666666666
451,0.45
452,0.4033333333333333
453,0.31333333333333335
454,0.5649999999999998
455,0.4766666666666667
456,0.645
457,0.4366666666666667
458,0.5900000000000001
459,0.4499999999999999
460,0.5183333333333333
461,0.6166666666666668
462,0.6316666666666666
463,0.2783333333333333
464,0.38499999999999995
465,0.38999999999999996
466,0.40166666666666667
467,0.32166666666666666
468,0.2583333333333333
469,0.605
470,0.6966666666666667
471,0.6033333333333333
472,0.5349999999999999
473,0.425
474,0.43499999999999994
475,0.6
476,0.62
477,0.6183333333333334
478,0.6116666666666666
479,0.5666666666666667
480,0.43666666666666665
481,0.39166666666666666
482,0.5433333333333333
483,0.58
484,0.5933333333333334
485,0.7266666666666667
486,0.645
487,0.38666666666666666
488,0.6083333333333333
489,0.42666666666666664
490,0.5233333333333333
491,0.31833333333333336
492,0.5883333333333334
493,0.51
494,0.5316666666666666
495,0.6633333333333333
496,0.505
497,0.29999999999999993
498,0.7466666666666667
499,0.58
500,0.5933333333333333
501,0.32
502,0.43000000000000005
503,0.47833333333333333
504,0.45666666666666667
505,0.3833333333333333
506,0.5283333333333333
507,0.525
508,0.365
509,0.4966666666666667
510,0.42833333333333334
511,0.3083333333333333
512,0.8299999999999998
513,0.635
514,0.5033333333333333
515,0.5416666666666667
516,0.6199999999999999
517,0.76
518,0.7166666666666666
519,0.43999999999999995
520,0.6333333333333333
521,0.6083333333333332
522,0.49833333333333324
523,0.425
524,0.29333333333333333
525,0.5850000000000002
526,0.5216666666666667
527,0.7333333333333333
528,0.5233333333333332
529,0.6799999999999999
530,0.2333333333333333
531,0.7633333333333333
532,0.4966666666666667
533,0.47166666666666657
534,0.6516666666666667
535,0.6399999999999999
536,0.4683333333333334
537,0.38
538,0.5833333333333333
539,0.5433333333333333
540,0.41
541,0.5216666666666667
542,0.6883333333333332
543,0.5316666666666666
544,0.4533333333333333
545,0.46833333333333327
546,0.6316666666666666
547,0.43166666666666664
548,0.41666666666666663
549,0.3333333333333333
550,0.175
551,0.5299999999999999
552,0.6416666666666667
553,0.5816666666666667
554,0.5900000000000001
555,0.4866666666666667
556,0.5599999999999999
557,0.3916666666666666
558,0.6016666666666668
559,0.4533333333333333
560,0.5833333333333334
561,0.5900000000000001
562,0.74
563,0.5650000000000001
564,0.4633333333333334
565,0.5399999999999999
566,0.5833333333333333
567,0.4166666666666667
568,0.305
569,0.4333333333333333
570,0.5583333333333333
571,0.425
572,0.6599999999999999
573,0.39333333333333337
574,0.58
575,0.43
576,0.46333333333333326
577,0.7283333333333333
578,0.4
579,0.3716666666666667
580,0.6516666666666666
581,0.43166666666666675
582,0.5116666666666667
583,0.5266666666666666
584,0.3883333333333333
585,0.4266666666666666
586,0.5900000000000001
587,0.43
588,0.21666666666666665
589,0.4333333333333333
590,0.6333333333333333
591,0.6216666666666667
592,0.19666666666666668
593,0.32166666666666666
594,0.6533333333333334
595,0.4666666666666667
596,0.6266666666666666
597,0.38499999999999995
598,0.32833333333333325
599,0.4333333333333334
600,0.5583333333333333
601,0.4883333333333334
602,0.4716666666666667
603,0.35
604,0.525
605,0.3616666666666667
606,0.6416666666666667
607,0.71
608,0.22999999999999998
609,0.4366666666666667
610,0.5349999999999999
611,0.65
612,0.4683333333333334
613,0.5266666666666666
614,0.38166666666666665
615,0.5766666666666668
616,0.5333333333333334
617,0.6166666666666665
618,0.6583333333333333
619,0.42833333333333334
620,0.5183333333333333
621,0.6333333333333334
622,0.6449999999999999
623,0.4050000000000001
624,0.6783333333333333
625,0.4033333333333333
626,0.65
627,0.705
628,0.31833333333333325
629,0.6816666666666668
630,0.355
631,0.6066666666666667
632,0.4216666666666667
633,0.6666666666666666
634,0.6016666666666667
635,0.655
636,0.43833333333333335
637,0.42833333333333334
638,0.6266666666666667
639,0.5583333333333333
640,0.5650000000000001
641,0.63
642,0.6833333333333333
643,0.3283333333333333
644,0.6133333333333333
645,0.6516666666666666
646,0.52
647,0.44000000000000006
648,0.4033333333333333
649,0.5883333333333333
650,0.62
651,0.395
652,0.44833333333333336
653,0.6116666666666666
654,0.6316666666666666
655,0.2833333333333333
656,0.26999999999999996
657,0.5650000000000001
658,0.6616666666666666
659,0.42666666666666664
660,0.6033333333333333
661,0.32166666666666666
662,0.495
663,0.5316666666666665
664,0.6699999999999999
665,0.30333333333333334
666,0.42333333333333334
667,0.38
668,0.6666666666666666
669,0.665
670,0.4266666666666666
671,0.45166666666666666
672,0.4716666666666667
673,0.5683333333333334
674,0.45333333333333325
675,0.7233333333333334
676,0.3366666666666666
677,0.4216666666666667
678,0.445
679,0.6133333333333333
680,0.5583333333333333
681,0.39333333333333337
682,0.6249999999999998
683,0.44333333333333325
684,0.7266666666666668
685,0.4683333333333334
686,0.5416666666666666
687,0.5866666666666667
688,0.5383333333333333
689,0.4666666666666667
690,0.48166666666666663
691,0.41500000000000004
692,0.4149999999999999
693,0.45999999999999996
694,0.5283333333333333
695,0.48
696,0.44333333333333336
697,0.6616666666666667
698,0.635
699,0.5616666666666668
700,0.3483333333333333
701,0.375
702,0.7266666666666667
703,0.3833333333333333
704,0.44333333333333336
705,0.67
706,0.4083333333333334
707,0.5483333333333335
708,0.55
709,0.55
710,0.43666666666666665
711,0.44000000000000006
712,0.3733333333333333
713,0.4533333333333333
714,0.465
715,0.4583333333333333
716,0.525
717,0.4866666666666667
718,0.5066666666666666
719,0.49833333333333335
720,0.4716666666666667
721,0.38666666666666666
722,0.46833333333333327
723,0.5299999999999999
724,0.49000000000000005
725,0.5333333333333333
726,0.5016666666666666
727,0.545
728,0.3683333333333333
729,0.6666666666666667
730,0.5733333333333334
731,0.4716666666666667
732,0.4833333333333333
733,0.4616666666666667
734,0.43666666666666665
735,0.6033333333333333
736,0.5933333333333333
737,0.5466666666666666
738,0.5083333333333332
739,0.41666666666666663
740,0.5233333333333332
741,0.5833333333333334
742,0.5833333333333334
743,0.5283333333333333
744,0.3816666666666667
745,0.5083333333333333
746,0.48500000000000004
747,0.43
748,0.5116666666666666
749,0.5716666666666667
750,0.5549999999999999
751,0.26666666666666666
752,0.42666666666666664
753,0.5033333333333334
754,0.575
755,0.31833333333333325
756,0.26999999999999996
757,0.61
758,0.5983333333333334
759,0.6416666666666667
760,0.37666666666666665
761,0.44666666666666666
762,0.395
763,0.45500000000000007
764,0.3966666666666666
765,0.4666666666666667
766,0.5816666666666667
767,0.4866666666666667
768,0.6066666666666667
769,0.6
770,0.43166666666666664
771,0.40166666666666667
772,0.6816666666666666
773,0.3783333333333333
774,0.5583333333333333
775,0.5766666666666667
776,0.5766666666666668
777,0.6083333333333334
778,0.4766666666666667
779,0.6666666666666666
780,0.25666666666666665
781,0.44333333333333336
782,0.5233333333333333
783,0.4383333333333333
784,0.5883333333333334
785,0.47833333333333333
786,0.6516666666666667
787,0.5
788,0.475
789,0.465
790,0.43
791,0.4116666666666666
792,0.38499999999999995
793,0.5466666666666666
794,0.6183333333333334
795,0.49833333333333324
796,0.53
797,0.4866666666666667
798,0.56
799,0.3433333333333333
800,0.5900000000000001
801,0.575
802,0.49833333333333335
803,0.6849999999999999
804,0.6699999999999999
805,0.5366666666666666
806,0.55
807,0.5499999999999999
808,0.4366666666666667
809,0.4883333333333334
810,0.38166666666666665
811,0.5599999999999998
812,0.5166666666666666
813,0.6933333333333334
814,0.47833333333333333
815,0.5733333333333334
816,0.5733333333333334
817,0.5016666666666667
818,0.39333333333333326
819,0.5433333333333332
820,0.3716666666666667
821,0.5833333333333333
822,0.5349999999999999
823,0.45499999999999996
824,0.4
825,0.43999999999999995
826,0.4266666666666666
827,0.5283333333333334
828,0.5483333333333332
829,0.65
830,0.5916666666666666
831,0.26
832,0.615
833,0.5216666666666667
834,0.5983333333333334
835,0.6116666666666666
836,0.5249999999999999
837,0.5233333333333333
838,0.51
839,0.5199999999999999
840,0.42000000000000004
841,0.4716666666666667
842,0.29833333333333334
843,0.38666666666666666
844,0.5966666666666667
845,0.6033333333333333
846,0.5883333333333333
847,0.26
848,0.4533333333333333
849,0.47833333333333333
850,0.635
851,0.5266666666666666
852,0.47333333333333344
853,0.3433333333333333
854,0.635
855,0.4583333333333333
856,0.655
857,0.32999999999999996
858,0.7816666666666667
859,0.7
860,0.24166666666666664
861,0.6416666666666667
862,0.38999999999999996
863,0.3416666666666667
864,0.41166666666666674
865,0.5066666666666667
866,0.5199999999999999
867,0.5883333333333333
868,0.45166666666666655
869,0.6883333333333332
870,0.6766666666666666
871,0.5
872,0.425
873,0.42666666666666664
874,0.33499999999999996
875,0.36499999999999994
876,0.4533333333333333
877,0.3233333333333333
878,0.5166666666666666
879,0.5083333333333334
880,0.47166666666666657
881,0.3966666666666666
882,0.7700000000000001
883,0.6583333333333333
884,0.4616666666666666
885,0.6033333333333333
886,0.6416666666666667
887,0.615
888,0.7316666666666667
889,0.385
890,0.6733333333333333
891,0.465
892,0.4866666666666667
893,0.3716666666666667
894,0.38499999999999995
895,0.6383333333333333
896,0.5166666666666666
897,0.5266666666666666
898,0.545
899,0.5
900,0.3416666666666667
901,0.2583333333333333
902,0.5916666666666667
903,0.48666666666666664
904,0.8
905,0.25666666666666665
906,0.5816666666666666
907,0.45666666666666667
908,0.6466666666666667
909,0.525
910,0.4216666666666667
911,0.4383333333333333
912,0.2166666666666667
913,0.45
914,0.615
915,0.4166666666666667
916,0.27166666666666667
917,0.6683333333333333
918,0.5816666666666668
919,0.5316666666666666
920,0.665
921,0.6166666666666666
922,0.49333333333333335
923,0.44499999999999995
924,0.7383333333333333
925,0.5516666666666667
926,0.48
927,0.5316666666666666
928,0.27
929,0.5983333333333334
930,0.275
931,0.42833333333333334
932,0.5766666666666667
933,0.495
934,0.475
935,0.4683333333333334
936,0.4966666666666667
937,0.3283333333333333
938,0.62
939,0.6716666666666666
940,0.495
941,0.4966666666666666
942,0.49333333333333335
943,0.5666666666666667
944,0.5633333333333334
945,0.6083333333333333
946,0.30666666666666664
947,0.5383333333333333
948,0.44666666666666666
949,0.5016666666666667
950,0.5066666666666666
951,0.67
952,0.4033333333333333
953,0.545
954,0.495
955,0.625
956,0.5466666666666666
957,0.36
958,0.5266666666666666
959,0.30999999999999994
960,0.58
961,0.51
962,0.44000000000000006
963,0.5650000000000001
964,0.43499999999999994
965,0.4916666666666666
966,0.5299999999999999
967,0.5033333333333333
968,0.3166666666666667
969,0.4683333333333334
970,0.38166666666666665
971,0.44000000000000006
972,0.61
973,0.40166666666666667
974,0.33333333333333337
975,0.5633333333333332
976,0.34
977,0.5683333333333332
978,0.5233333333333333
979,0.595
980,0.715
981,0.5716666666666667
982,0.4033333333333333
983,0.41166666666666674
984,0.5233333333333334
985,0.45
986,0.5499999999999999
987,0.43166666666666664
988,0.3349999999999999
989,0.33999999999999997
990,0.6083333333333333
991,0.365
992,0.5016666666666667
993,0.37666666666666665
994,0.4616666666666667
995,0.4666666666666666
996,0.5466666666666667
997,0.5633333333333332
998,0.47333333333333333
999,0.3366666666666666
1000,0.5816666666666667
